{"logTime": "1006/164456", "level": "INFO", "message": "Preference changed: name=profile.content_settings.exceptions.site_engagement, new_value=[object], source=unknown"}
{"logTime": "1006/164456", "level": "INFO", "message": "Preference changed: name=profile.last_engagement_time, new_value=\"13435778696948796\", source=unknown"}
{"logTime": "1006/164506", "level": "INFO", "message": "Preference changed: name=profile.content_settings.exceptions.site_engagement, new_value=[object], source=unknown"}
{"logTime": "1006/164506", "level": "INFO", "message": "Preference changed: name=profile.last_engagement_time, new_value=\"13435778706962865\", source=unknown"}
{"logTime": "1006/164516", "level": "INFO", "message": "Preference changed: name=profile.content_settings.exceptions.site_engagement, new_value=[object], source=unknown"}
{"logTime": "1006/164516", "level": "INFO", "message": "Preference changed: name=profile.last_engagement_time, new_value=\"13435778716968982\", source=unknown"}
{"logTime": "1006/164526", "level": "INFO", "message": "Preference changed: name=profile.content_settings.exceptions.site_engagement, new_value=[object], source=unknown"}
{"logTime": "1006/164526", "level": "INFO", "message": "Preference changed: name=profile.last_engagement_time, new_value=\"13435778726974141\", source=unknown"}
{"logTime": "1006/164536", "level": "INFO", "message": "Preference changed: name=profile.content_settings.exceptions.site_engagement, new_value=[object], source=unknown"}
{"logTime": "1006/164536", "level": "INFO", "message": "Preference changed: name=profile.last_engagement_time, new_value=\"13435778736979410\", source=unknown"}
{"logTime": "1006/164546", "level": "INFO", "message": "Preference changed: name=profile.content_settings.exceptions.site_engagement, new_value=[object], source=unknown"}
{"logTime": "1006/164546", "level": "INFO", "message": "Preference changed: name=profile.last_engagement_time, new_value=\"13435778746982911\", source=unknown"}
{"logTime": "1006/164556", "level": "INFO", "message": "Preference changed: name=profile.content_settings.exceptions.site_engagement, new_value=[object], source=unknown"}
{"logTime": "1006/164556", "level": "INFO", "message": "Preference changed: name=profile.last_engagement_time, new_value=\"13435778756992092\", source=unknown"}
{"logTime": "1006/164607", "level": "INFO", "message": "Preference changed: name=profile.content_settings.exceptions.site_engagement, new_value=[object], source=unknown"}
{"logTime": "1006/164607", "level": "INFO", "message": "Preference changed: name=profile.last_engagement_time, new_value=\"13435778767002443\", source=unknown"}
{"logTime": "1006/164617", "level": "INFO", "message": "Preference changed: name=profile.content_settings.exceptions.site_engagement, new_value=[object], source=unknown"}
{"logTime": "1006/164617", "level": "INFO", "message": "Preference changed: name=profile.last_engagement_time, new_value=\"13435778777008203\", source=unknown"}
{"logTime": "1006/164627", "level": "INFO", "message": "Preference changed: name=profile.content_settings.exceptions.site_engagement, new_value=[object], source=unknown"}
{"logTime": "1006/164627", "level": "INFO", "message": "Preference changed: name=profile.last_engagement_time, new_value=\"13435778787018255\", source=unknown"}
{"logTime": "1006/164637", "level": "INFO", "message": "Preference changed: name=profile.content_settings.exceptions.site_engagement, new_value=[object], source=unknown"}
{"logTime": "1006/164637", "level": "INFO", "message": "Preference changed: name=profile.last_engagement_time, new_value=\"13435778797020537\", source=unknown"}
{"logTime": "1006/164647", "level": "INFO", "message": "Preference changed: name=profile.content_settings.exceptions.site_engagement, new_value=[object], source=unknown"}
{"logTime": "1006/164647", "level": "INFO", "message": "Preference changed: name=profile.last_engagement_time, new_value=\"13435778807033407\", source=unknown"}
{"logTime": "1006/164657", "level": "INFO", "message": "Preference changed: name=profile.content_settings.exceptions.site_engagement, new_value=[object], source=unknown"}
{"logTime": "1006/164657", "level": "INFO", "message": "Preference changed: name=profile.last_engagement_time, new_value=\"13435778817039994\", source=unknown"}
{"logTime": "1006/164707", "level": "INFO", "message": "Preference changed: name=profile.content_settings.exceptions.site_engagement, new_value=[object], source=unknown"}
{"logTime": "1006/164707", "level": "INFO", "message": "Preference changed: name=profile.last_engagement_time, new_value=\"13435778827051593\", source=unknown"}
{"logTime": "1006/164717", "level": "INFO", "message": "Preference changed: name=profile.content_settings.exceptions.site_engagement, new_value=[object], source=unknown"}
{"logTime": "1006/164717", "level": "INFO", "message": "Preference changed: name=profile.last_engagement_time, new_value=\"13435778837063410\", source=unknown"}
{"logTime": "1006/164727", "level": "INFO", "message": "Preference changed: name=profile.content_settings.exceptions.site_engagement, new_value=[object], source=unknown"}
{"logTime": "1006/164727", "level": "INFO", "message": "Preference changed: name=profile.last_engagement_time, new_value=\"13435778847067302\", source=unknown"}
{"logTime": "1006/164737", "level": "INFO", "message": "Preference changed: name=profile.content_settings.exceptions.site_engagement, new_value=[object], source=unknown"}
{"logTime": "1006/164737", "level": "INFO", "message": "Preference changed: name=profile.last_engagement_time, new_value=\"13435778857073069\", source=unknown"}
{"logTime": "1006/164747", "level": "INFO", "message": "Preference changed: name=profile.content_settings.exceptions.site_engagement, new_value=[object], source=unknown"}
{"logTime": "1006/164747", "level": "INFO", "message": "Preference changed: name=profile.last_engagement_time, new_value=\"13435778867080224\", source=unknown"}
{"logTime": "1006/164757", "level": "INFO", "message": "Preference changed: name=profile.content_settings.exceptions.site_engagement, new_value=[object], source=unknown"}
{"logTime": "1006/164757", "level": "INFO", "message": "Preference changed: name=profile.last_engagement_time, new_value=\"13435778877086961\", source=unknown"}
{"logTime": "1006/164807", "level": "INFO", "message": "Preference changed: name=profile.content_settings.exceptions.site_engagement, new_value=[object], source=unknown"}
{"logTime": "1006/164807", "level": "INFO", "message": "Preference changed: name=profile.last_engagement_time, new_value=\"13435778887099624\", source=unknown"}
{"logTime": "1006/164817", "level": "INFO", "message": "Preference changed: name=profile.content_settings.exceptions.site_engagement, new_value=[object], source=unknown"}
{"logTime": "1006/164817", "level": "INFO", "message": "Preference changed: name=profile.last_engagement_time, new_value=\"13435778897107622\", source=unknown"}
{"logTime": "1006/164827", "level": "INFO", "message": "Preference changed: name=profile.content_settings.exceptions.site_engagement, new_value=[object], source=unknown"}
{"logTime": "1006/164827", "level": "INFO", "message": "Preference changed: name=profile.last_engagement_time, new_value=\"13435778907118719\", source=unknown"}
{"logTime": "1006/164837", "level": "INFO", "message": "Preference changed: name=profile.content_settings.exceptions.site_engagement, new_value=[object], source=unknown"}
{"logTime": "1006/164837", "level": "INFO", "message": "Preference changed: name=profile.last_engagement_time, new_value=\"13435778917124916\", source=unknown"}
{"logTime": "1006/164847", "level": "INFO", "message": "Preference changed: name=profile.content_settings.exceptions.site_engagement, new_value=[object], source=unknown"}
{"logTime": "1006/164847", "level": "INFO", "message": "Preference changed: name=profile.last_engagement_time, new_value=\"13435778927129085\", source=unknown"}
{"logTime": "1006/164857", "level": "INFO", "message": "Preference changed: name=profile.content_settings.exceptions.site_engagement, new_value=[object], source=unknown"}
{"logTime": "1006/164857", "level": "INFO", "message": "Preference changed: name=profile.last_engagement_time, new_value=\"13435778937133095\", source=unknown"}
{"logTime": "1006/164907", "level": "INFO", "message": "Preference changed: name=profile.content_settings.exceptions.site_engagement, new_value=[object], source=unknown"}
{"logTime": "1006/164907", "level": "INFO", "message": "Preference changed: name=profile.last_engagement_time, new_value=\"13435778947142639\", source=unknown"}
{"logTime": "1006/164917", "level": "INFO", "message": "Preference changed: name=profile.content_settings.exceptions.site_engagement, new_value=[object], source=unknown"}
{"logTime": "1006/164917", "level": "INFO", "message": "Preference changed: name=profile.last_engagement_time, new_value=\"13435778957149706\", source=unknown"}
{"logTime": "1006/164927", "level": "INFO", "message": "Preference changed: name=profile.content_settings.exceptions.site_engagement, new_value=[object], source=unknown"}
{"logTime": "1006/164927", "level": "INFO", "message": "Preference changed: name=profile.last_engagement_time, new_value=\"13435778967153954\", source=unknown"}
{"logTime": "1006/164937", "level": "INFO", "message": "Preference changed: name=profile.content_settings.exceptions.site_engagement, new_value=[object], source=unknown"}
{"logTime": "1006/164937", "level": "INFO", "message": "Preference changed: name=profile.last_engagement_time, new_value=\"13435778977168247\", source=unknown"}
{"logTime": "1006/164947", "level": "INFO", "message": "Preference changed: name=profile.content_settings.exceptions.site_engagement, new_value=[object], source=unknown"}
{"logTime": "1006/164947", "level": "INFO", "message": "Preference changed: name=profile.last_engagement_time, new_value=\"13435778987184069\", source=unknown"}
{"logTime": "1006/164957", "level": "INFO", "message": "Preference changed: name=profile.content_settings.exceptions.site_engagement, new_value=[object], source=unknown"}
{"logTime": "1006/164957", "level": "INFO", "message": "Preference changed: name=profile.last_engagement_time, new_value=\"13435778997191869\", source=unknown"}
{"logTime": "1006/165007", "level": "INFO", "message": "Preference changed: name=profile.content_settings.exceptions.site_engagement, new_value=[object], source=unknown"}
{"logTime": "1006/165007", "level": "INFO", "message": "Preference changed: name=profile.last_engagement_time, new_value=\"13435779007201127\", source=unknown"}
{"logTime": "1006/165017", "level": "INFO", "message": "Preference changed: name=profile.content_settings.exceptions.site_engagement, new_value=[object], source=unknown"}
{"logTime": "1006/165017", "level": "INFO", "message": "Preference changed: name=profile.last_engagement_time, new_value=\"13435779017210196\", source=unknown"}
{"logTime": "1006/165027", "level": "INFO", "message": "Preference changed: name=profile.content_settings.exceptions.site_engagement, new_value=[object], source=unknown"}
{"logTime": "1006/165027", "level": "INFO", "message": "Preference changed: name=profile.last_engagement_time, new_value=\"13435779027213266\", source=unknown"}
{"logTime": "1006/165037", "level": "INFO", "message": "Preference changed: name=profile.content_settings.exceptions.site_engagement, new_value=[object], source=unknown"}
{"logTime": "1006/165037", "level": "INFO", "message": "Preference changed: name=profile.last_engagement_time, new_value=\"13435779037221011\", source=unknown"}
{"logTime": "1006/165047", "level": "INFO", "message": "Preference changed: name=profile.content_settings.exceptions.site_engagement, new_value=[object], source=unknown"}
{"logTime": "1006/165047", "level": "INFO", "message": "Preference changed: name=profile.last_engagement_time, new_value=\"13435779047233761\", source=unknown"}
{"logTime": "1006/165057", "level": "INFO", "message": "Preference changed: name=profile.content_settings.exceptions.site_engagement, new_value=[object], source=unknown"}
{"logTime": "1006/165057", "level": "INFO", "message": "Preference changed: name=profile.last_engagement_time, new_value=\"13435779057241187\", source=unknown"}
{"logTime": "1006/165107", "level": "INFO", "message": "Preference changed: name=profile.content_settings.exceptions.site_engagement, new_value=[object], source=unknown"}
{"logTime": "1006/165107", "level": "INFO", "message": "Preference changed: name=profile.last_engagement_time, new_value=\"13435779067252618\", source=unknown"}
{"logTime": "1006/165117", "level": "INFO", "message": "Preference changed: name=profile.content_settings.exceptions.site_engagement, new_value=[object], source=unknown"}
{"logTime": "1006/165117", "level": "INFO", "message": "Preference changed: name=profile.last_engagement_time, new_value=\"13435779077257835\", source=unknown"}
{"logTime": "1006/165127", "level": "INFO", "message": "Preference changed: name=profile.content_settings.exceptions.site_engagement, new_value=[object], source=unknown"}
{"logTime": "1006/165127", "level": "INFO", "message": "Preference changed: name=profile.last_engagement_time, new_value=\"13435779087265586\", source=unknown"}
{"logTime": "1006/165137", "level": "INFO", "message": "Preference changed: name=profile.content_settings.exceptions.site_engagement, new_value=[object], source=unknown"}
{"logTime": "1006/165137", "level": "INFO", "message": "Preference changed: name=profile.last_engagement_time, new_value=\"13435779097267135\", source=unknown"}
{"logTime": "1006/165147", "level": "INFO", "message": "Preference changed: name=profile.content_settings.exceptions.site_engagement, new_value=[object], source=unknown"}
{"logTime": "1006/165147", "level": "INFO", "message": "Preference changed: name=profile.last_engagement_time, new_value=\"13435779107282244\", source=unknown"}
{"logTime": "1006/165157", "level": "INFO", "message": "Preference changed: name=profile.content_settings.exceptions.site_engagement, new_value=[object], source=unknown"}
{"logTime": "1006/165157", "level": "INFO", "message": "Preference changed: name=profile.last_engagement_time, new_value=\"13435779117283241\", source=unknown"}
{"logTime": "1006/165207", "level": "INFO", "message": "Preference changed: name=profile.content_settings.exceptions.site_engagement, new_value=[object], source=unknown"}
{"logTime": "1006/165207", "level": "INFO", "message": "Preference changed: name=profile.last_engagement_time, new_value=\"13435779127298812\", source=unknown"}
{"logTime": "1006/165217", "level": "INFO", "message": "Preference changed: name=profile.content_settings.exceptions.site_engagement, new_value=[object], source=unknown"}
{"logTime": "1006/165217", "level": "INFO", "message": "Preference changed: name=profile.last_engagement_time, new_value=\"13435779137311762\", source=unknown"}
{"logTime": "1006/165227", "level": "INFO", "message": "Preference changed: name=profile.content_settings.exceptions.site_engagement, new_value=[object], source=unknown"}
{"logTime": "1006/165227", "level": "INFO", "message": "Preference changed: name=profile.last_engagement_time, new_value=\"13435779147316763\", source=unknown"}
{"logTime": "1006/165237", "level": "INFO", "message": "Preference changed: name=profile.content_settings.exceptions.site_engagement, new_value=[object], source=unknown"}
{"logTime": "1006/165237", "level": "INFO", "message": "Preference changed: name=profile.last_engagement_time, new_value=\"13435779157317882\", source=unknown"}
{"logTime": "1006/165247", "level": "INFO", "message": "Preference changed: name=profile.content_settings.exceptions.site_engagement, new_value=[object], source=unknown"}
{"logTime": "1006/165247", "level": "INFO", "message": "Preference changed: name=profile.last_engagement_time, new_value=\"13435779167319156\", source=unknown"}
{"logTime": "1006/165257", "level": "INFO", "message": "Preference changed: name=profile.content_settings.exceptions.site_engagement, new_value=[object], source=unknown"}
{"logTime": "1006/165257", "level": "INFO", "message": "Preference changed: name=profile.last_engagement_time, new_value=\"13435779177330241\", source=unknown"}
{"logTime": "1006/165307", "level": "INFO", "message": "Preference changed: name=profile.content_settings.exceptions.site_engagement, new_value=[object], source=unknown"}
{"logTime": "1006/165307", "level": "INFO", "message": "Preference changed: name=profile.last_engagement_time, new_value=\"13435779187338872\", source=unknown"}
{"logTime": "1006/165317", "level": "INFO", "message": "Preference changed: name=profile.content_settings.exceptions.site_engagement, new_value=[object], source=unknown"}
{"logTime": "1006/165317", "level": "INFO", "message": "Preference changed: name=profile.last_engagement_time, new_value=\"13435779197354673\", source=unknown"}
{"logTime": "1006/165327", "level": "INFO", "message": "Preference changed: name=profile.content_settings.exceptions.site_engagement, new_value=[object], source=unknown"}
{"logTime": "1006/165327", "level": "INFO", "message": "Preference changed: name=profile.last_engagement_time, new_value=\"13435779207362711\", source=unknown"}
{"logTime": "1006/165337", "level": "INFO", "message": "Preference changed: name=profile.content_settings.exceptions.site_engagement, new_value=[object], source=unknown"}
{"logTime": "1006/165337", "level": "INFO", "message": "Preference changed: name=profile.last_engagement_time, new_value=\"13435779217378691\", source=unknown"}
{"logTime": "1006/165347", "level": "INFO", "message": "Preference changed: name=profile.content_settings.exceptions.site_engagement, new_value=[object], source=unknown"}
{"logTime": "1006/165347", "level": "INFO", "message": "Preference changed: name=profile.last_engagement_time, new_value=\"13435779227385494\", source=unknown"}
{"logTime": "1006/165357", "level": "INFO", "message": "Preference changed: name=profile.content_settings.exceptions.site_engagement, new_value=[object], source=unknown"}
{"logTime": "1006/165357", "level": "INFO", "message": "Preference changed: name=profile.last_engagement_time, new_value=\"13435779237396805\", source=unknown"}
{"logTime": "1006/165407", "level": "INFO", "message": "Preference changed: name=profile.content_settings.exceptions.site_engagement, new_value=[object], source=unknown"}
{"logTime": "1006/165407", "level": "INFO", "message": "Preference changed: name=profile.last_engagement_time, new_value=\"13435779247409659\", source=unknown"}
{"logTime": "1006/165417", "level": "INFO", "message": "Preference changed: name=profile.content_settings.exceptions.site_engagement, new_value=[object], source=unknown"}
{"logTime": "1006/165417", "level": "INFO", "message": "Preference changed: name=profile.last_engagement_time, new_value=\"13435779257413872\", source=unknown"}
{"logTime": "1006/165427", "level": "INFO", "message": "Preference changed: name=profile.content_settings.exceptions.site_engagement, new_value=[object], source=unknown"}
{"logTime": "1006/165427", "level": "INFO", "message": "Preference changed: name=profile.last_engagement_time, new_value=\"13435779267426011\", source=unknown"}
{"logTime": "1006/165437", "level": "INFO", "message": "Preference changed: name=profile.content_settings.exceptions.site_engagement, new_value=[object], source=unknown"}
{"logTime": "1006/165437", "level": "INFO", "message": "Preference changed: name=profile.last_engagement_time, new_value=\"13435779277436665\", source=unknown"}
{"logTime": "1006/165447", "level": "INFO", "message": "Preference changed: name=profile.content_settings.exceptions.site_engagement, new_value=[object], source=unknown"}
{"logTime": "1006/165447", "level": "INFO", "message": "Preference changed: name=profile.last_engagement_time, new_value=\"13435779287444872\", source=unknown"}
{"logTime": "1006/165457", "level": "INFO", "message": "Preference changed: name=profile.content_settings.exceptions.site_engagement, new_value=[object], source=unknown"}
{"logTime": "1006/165457", "level": "INFO", "message": "Preference changed: name=profile.last_engagement_time, new_value=\"13435779297460379\", source=unknown"}
{"logTime": "1006/165501", "level": "INFO", "message": "Preference changed: name=profile.observed_session_time, new_value=[object], source=unknown"}
{"logTime": "1006/165507", "level": "INFO", "message": "Preference changed: name=profile.content_settings.exceptions.site_engagement, new_value=[object], source=unknown"}
{"logTime": "1006/165507", "level": "INFO", "message": "Preference changed: name=profile.last_engagement_time, new_value=\"13435779307464031\", source=unknown"}
{"logTime": "1006/165511", "level": "INFO", "message": "PrefStore write completed: store=4, success=true"}
{"logTime": "1006/165517", "level": "INFO", "message": "Preference changed: name=profile.content_settings.exceptions.site_engagement, new_value=[object], source=unknown"}
{"logTime": "1006/165517", "level": "INFO", "message": "Preference changed: name=profile.last_engagement_time, new_value=\"13435779317464523\", source=unknown"}
{"logTime": "1006/165527", "level": "INFO", "message": "Preference changed: name=profile.content_settings.exceptions.site_engagement, new_value=[object], source=unknown"}
{"logTime": "1006/165527", "level": "INFO", "message": "Preference changed: name=profile.last_engagement_time, new_value=\"13435779327465221\", source=unknown"}
{"logTime": "1006/165537", "level": "INFO", "message": "Preference changed: name=profile.content_settings.exceptions.site_engagement, new_value=[object], source=unknown"}
{"logTime": "1006/165537", "level": "INFO", "message": "Preference changed: name=profile.last_engagement_time, new_value=\"13435779337468055\", source=unknown"}
{"logTime": "1006/165547", "level": "INFO", "message": "Preference changed: name=profile.content_settings.exceptions.site_engagement, new_value=[object], source=unknown"}
{"logTime": "1006/165547", "level": "INFO", "message": "Preference changed: name=profile.last_engagement_time, new_value=\"13435779347482190\", source=unknown"}
{"logTime": "1006/165557", "level": "INFO", "message": "Preference changed: name=profile.content_settings.exceptions.site_engagement, new_value=[object], source=unknown"}
{"logTime": "1006/165557", "level": "INFO", "message": "Preference changed: name=profile.last_engagement_time, new_value=\"13435779357489580\", source=unknown"}
{"logTime": "1006/165607", "level": "INFO", "message": "Preference changed: name=profile.content_settings.exceptions.site_engagement, new_value=[object], source=unknown"}
{"logTime": "1006/165607", "level": "INFO", "message": "Preference changed: name=profile.last_engagement_time, new_value=\"13435779367494744\", source=unknown"}
{"logTime": "1006/165617", "level": "INFO", "message": "Preference changed: name=profile.content_settings.exceptions.site_engagement, new_value=[object], source=unknown"}
{"logTime": "1006/165617", "level": "INFO", "message": "Preference changed: name=profile.last_engagement_time, new_value=\"13435779377495118\", source=unknown"}
{"logTime": "1006/165627", "level": "INFO", "message": "Preference changed: name=profile.content_settings.exceptions.site_engagement, new_value=[object], source=unknown"}
{"logTime": "1006/165627", "level": "INFO", "message": "Preference changed: name=profile.last_engagement_time, new_value=\"13435779387509242\", source=unknown"}
{"logTime": "1006/165637", "level": "INFO", "message": "Preference changed: name=profile.content_settings.exceptions.site_engagement, new_value=[object], source=unknown"}
{"logTime": "1006/165637", "level": "INFO", "message": "Preference changed: name=profile.last_engagement_time, new_value=\"13435779397511760\", source=unknown"}
{"logTime": "1006/165647", "level": "INFO", "message": "Preference changed: name=profile.content_settings.exceptions.site_engagement, new_value=[object], source=unknown"}
{"logTime": "1006/165647", "level": "INFO", "message": "Preference changed: name=profile.last_engagement_time, new_value=\"13435779407514210\", source=unknown"}
{"logTime": "1006/165657", "level": "INFO", "message": "Preference changed: name=profile.content_settings.exceptions.site_engagement, new_value=[object], source=unknown"}
{"logTime": "1006/165657", "level": "INFO", "message": "Preference changed: name=profile.last_engagement_time, new_value=\"13435779417529280\", source=unknown"}
{"logTime": "1006/165707", "level": "INFO", "message": "Preference changed: name=profile.content_settings.exceptions.site_engagement, new_value=[object], source=unknown"}
{"logTime": "1006/165707", "level": "INFO", "message": "Preference changed: name=profile.last_engagement_time, new_value=\"13435779427540743\", source=unknown"}
{"logTime": "1006/165717", "level": "INFO", "message": "Preference changed: name=profile.content_settings.exceptions.site_engagement, new_value=[object], source=unknown"}
{"logTime": "1006/165717", "level": "INFO", "message": "Preference changed: name=profile.last_engagement_time, new_value=\"13435779437555127\", source=unknown"}
{"logTime": "1006/165727", "level": "INFO", "message": "Preference changed: name=profile.content_settings.exceptions.site_engagement, new_value=[object], source=unknown"}
{"logTime": "1006/165727", "level": "INFO", "message": "Preference changed: name=profile.last_engagement_time, new_value=\"13435779447559176\", source=unknown"}
{"logTime": "1006/165737", "level": "INFO", "message": "Preference changed: name=profile.content_settings.exceptions.site_engagement, new_value=[object], source=unknown"}
{"logTime": "1006/165737", "level": "INFO", "message": "Preference changed: name=profile.last_engagement_time, new_value=\"13435779457564681\", source=unknown"}
{"logTime": "1006/165747", "level": "INFO", "message": "Preference changed: name=profile.content_settings.exceptions.site_engagement, new_value=[object], source=unknown"}
{"logTime": "1006/165747", "level": "INFO", "message": "Preference changed: name=profile.last_engagement_time, new_value=\"13435779467579428\", source=unknown"}
{"logTime": "1006/165757", "level": "INFO", "message": "Preference changed: name=profile.content_settings.exceptions.site_engagement, new_value=[object], source=unknown"}
{"logTime": "1006/165757", "level": "INFO", "message": "Preference changed: name=profile.last_engagement_time, new_value=\"13435779477593535\", source=unknown"}
{"logTime": "1006/165807", "level": "INFO", "message": "Preference changed: name=profile.content_settings.exceptions.site_engagement, new_value=[object], source=unknown"}
{"logTime": "1006/165807", "level": "INFO", "message": "Preference changed: name=profile.last_engagement_time, new_value=\"13435779487607732\", source=unknown"}
{"logTime": "1006/165817", "level": "INFO", "message": "Preference changed: name=profile.content_settings.exceptions.site_engagement, new_value=[object], source=unknown"}
{"logTime": "1006/165817", "level": "INFO", "message": "Preference changed: name=profile.last_engagement_time, new_value=\"13435779497612800\", source=unknown"}
{"logTime": "1006/165827", "level": "INFO", "message": "Preference changed: name=profile.content_settings.exceptions.site_engagement, new_value=[object], source=unknown"}
{"logTime": "1006/165827", "level": "INFO", "message": "Preference changed: name=profile.last_engagement_time, new_value=\"13435779507620678\", source=unknown"}
{"logTime": "1006/165837", "level": "INFO", "message": "Preference changed: name=profile.content_settings.exceptions.site_engagement, new_value=[object], source=unknown"}
{"logTime": "1006/165837", "level": "INFO", "message": "Preference changed: name=profile.last_engagement_time, new_value=\"13435779517628318\", source=unknown"}
{"logTime": "1006/165847", "level": "INFO", "message": "Preference changed: name=profile.content_settings.exceptions.site_engagement, new_value=[object], source=unknown"}
{"logTime": "1006/165847", "level": "INFO", "message": "Preference changed: name=profile.last_engagement_time, new_value=\"13435779527631627\", source=unknown"}
{"logTime": "1006/165857", "level": "INFO", "message": "Preference changed: name=profile.content_settings.exceptions.site_engagement, new_value=[object], source=unknown"}
{"logTime": "1006/165857", "level": "INFO", "message": "Preference changed: name=profile.last_engagement_time, new_value=\"13435779537647118\", source=unknown"}
{"logTime": "1006/165907", "level": "INFO", "message": "Preference changed: name=profile.content_settings.exceptions.site_engagement, new_value=[object], source=unknown"}
{"logTime": "1006/165907", "level": "INFO", "message": "Preference changed: name=profile.last_engagement_time, new_value=\"13435779547659991\", source=unknown"}
{"logTime": "1006/165917", "level": "INFO", "message": "Preference changed: name=profile.content_settings.exceptions.site_engagement, new_value=[object], source=unknown"}
{"logTime": "1006/165917", "level": "INFO", "message": "Preference changed: name=profile.last_engagement_time, new_value=\"13435779557669307\", source=unknown"}
{"logTime": "1006/165927", "level": "INFO", "message": "Preference changed: name=profile.content_settings.exceptions.site_engagement, new_value=[object], source=unknown"}
{"logTime": "1006/165927", "level": "INFO", "message": "Preference changed: name=profile.last_engagement_time, new_value=\"13435779567674532\", source=unknown"}
{"logTime": "1006/165937", "level": "INFO", "message": "Preference changed: name=profile.content_settings.exceptions.site_engagement, new_value=[object], source=unknown"}
{"logTime": "1006/165937", "level": "INFO", "message": "Preference changed: name=profile.last_engagement_time, new_value=\"13435779577683814\", source=unknown"}
{"logTime": "1006/165947", "level": "INFO", "message": "Preference changed: name=profile.content_settings.exceptions.site_engagement, new_value=[object], source=unknown"}
{"logTime": "1006/165947", "level": "INFO", "message": "Preference changed: name=profile.last_engagement_time, new_value=\"13435779587689814\", source=unknown"}
{"logTime": "1006/165957", "level": "INFO", "message": "Preference changed: name=profile.content_settings.exceptions.site_engagement, new_value=[object], source=unknown"}
{"logTime": "1006/165957", "level": "INFO", "message": "Preference changed: name=profile.last_engagement_time, new_value=\"13435779597701155\", source=unknown"}
{"logTime": "1006/170007", "level": "INFO", "message": "Preference changed: name=profile.content_settings.exceptions.site_engagement, new_value=[object], source=unknown"}
{"logTime": "1006/170007", "level": "INFO", "message": "Preference changed: name=profile.last_engagement_time, new_value=\"13435779607709513\", source=unknown"}
{"logTime": "1006/170017", "level": "INFO", "message": "Preference changed: name=profile.content_settings.exceptions.site_engagement, new_value=[object], source=unknown"}
{"logTime": "1006/170017", "level": "INFO", "message": "Preference changed: name=profile.last_engagement_time, new_value=\"13435779617716738\", source=unknown"}
{"logTime": "1006/170027", "level": "INFO", "message": "Preference changed: name=profile.content_settings.exceptions.site_engagement, new_value=[object], source=unknown"}
{"logTime": "1006/170027", "level": "INFO", "message": "Preference changed: name=profile.last_engagement_time, new_value=\"13435779627722841\", source=unknown"}
{"logTime": "1006/170037", "level": "INFO", "message": "Preference changed: name=profile.content_settings.exceptions.site_engagement, new_value=[object], source=unknown"}
{"logTime": "1006/170037", "level": "INFO", "message": "Preference changed: name=profile.last_engagement_time, new_value=\"13435779637731122\", source=unknown"}
{"logTime": "1006/170047", "level": "INFO", "message": "Preference changed: name=profile.content_settings.exceptions.site_engagement, new_value=[object], source=unknown"}
{"logTime": "1006/170047", "level": "INFO", "message": "Preference changed: name=profile.last_engagement_time, new_value=\"13435779647741547\", source=unknown"}
{"logTime": "1006/170057", "level": "INFO", "message": "Preference changed: name=profile.content_settings.exceptions.site_engagement, new_value=[object], source=unknown"}
{"logTime": "1006/170057", "level": "INFO", "message": "Preference changed: name=profile.last_engagement_time, new_value=\"13435779657754930\", source=unknown"}
{"logTime": "1006/170107", "level": "INFO", "message": "Preference changed: name=profile.content_settings.exceptions.site_engagement, new_value=[object], source=unknown"}
{"logTime": "1006/170107", "level": "INFO", "message": "Preference changed: name=profile.last_engagement_time, new_value=\"13435779667766256\", source=unknown"}
{"logTime": "1006/170117", "level": "INFO", "message": "Preference changed: name=profile.content_settings.exceptions.site_engagement, new_value=[object], source=unknown"}
{"logTime": "1006/170117", "level": "INFO", "message": "Preference changed: name=profile.last_engagement_time, new_value=\"13435779677767421\", source=unknown"}
{"logTime": "1006/170127", "level": "INFO", "message": "Preference changed: name=profile.content_settings.exceptions.site_engagement, new_value=[object], source=unknown"}
{"logTime": "1006/170127", "level": "INFO", "message": "Preference changed: name=profile.last_engagement_time, new_value=\"13435779687774853\", source=unknown"}
{"logTime": "1006/170137", "level": "INFO", "message": "Preference changed: name=profile.content_settings.exceptions.site_engagement, new_value=[object], source=unknown"}
{"logTime": "1006/170137", "level": "INFO", "message": "Preference changed: name=profile.last_engagement_time, new_value=\"13435779697790302\", source=unknown"}
{"logTime": "1006/170147", "level": "INFO", "message": "Preference changed: name=profile.content_settings.exceptions.site_engagement, new_value=[object], source=unknown"}
{"logTime": "1006/170147", "level": "INFO", "message": "Preference changed: name=profile.last_engagement_time, new_value=\"13435779707801582\", source=unknown"}
{"logTime": "1006/170157", "level": "INFO", "message": "Preference changed: name=profile.content_settings.exceptions.site_engagement, new_value=[object], source=unknown"}
{"logTime": "1006/170157", "level": "INFO", "message": "Preference changed: name=profile.last_engagement_time, new_value=\"13435779717802119\", source=unknown"}
{"logTime": "1006/170207", "level": "INFO", "message": "Preference changed: name=profile.content_settings.exceptions.site_engagement, new_value=[object], source=unknown"}
{"logTime": "1006/170207", "level": "INFO", "message": "Preference changed: name=profile.last_engagement_time, new_value=\"13435779727803641\", source=unknown"}
{"logTime": "1006/170217", "level": "INFO", "message": "Preference changed: name=profile.content_settings.exceptions.site_engagement, new_value=[object], source=unknown"}
{"logTime": "1006/170217", "level": "INFO", "message": "Preference changed: name=profile.last_engagement_time, new_value=\"13435779737807727\", source=unknown"}
{"logTime": "1006/170227", "level": "INFO", "message": "Preference changed: name=profile.content_settings.exceptions.site_engagement, new_value=[object], source=unknown"}
{"logTime": "1006/170227", "level": "INFO", "message": "Preference changed: name=profile.last_engagement_time, new_value=\"13435779747824198\", source=unknown"}
{"logTime": "1006/170237", "level": "INFO", "message": "Preference changed: name=profile.content_settings.exceptions.site_engagement, new_value=[object], source=unknown"}
{"logTime": "1006/170237", "level": "INFO", "message": "Preference changed: name=profile.last_engagement_time, new_value=\"13435779757830098\", source=unknown"}
{"logTime": "1006/170247", "level": "INFO", "message": "Preference changed: name=profile.content_settings.exceptions.site_engagement, new_value=[object], source=unknown"}
{"logTime": "1006/170247", "level": "INFO", "message": "Preference changed: name=profile.last_engagement_time, new_value=\"13435779767837567\", source=unknown"}
{"logTime": "1006/170257", "level": "INFO", "message": "Preference changed: name=profile.content_settings.exceptions.site_engagement, new_value=[object], source=unknown"}
{"logTime": "1006/170257", "level": "INFO", "message": "Preference changed: name=profile.last_engagement_time, new_value=\"13435779777851943\", source=unknown"}
{"logTime": "1006/170307", "level": "INFO", "message": "Preference changed: name=profile.content_settings.exceptions.site_engagement, new_value=[object], source=unknown"}
{"logTime": "1006/170307", "level": "INFO", "message": "Preference changed: name=profile.last_engagement_time, new_value=\"13435779787854700\", source=unknown"}
{"logTime": "1006/170317", "level": "INFO", "message": "Preference changed: name=profile.content_settings.exceptions.site_engagement, new_value=[object], source=unknown"}
{"logTime": "1006/170317", "level": "INFO", "message": "Preference changed: name=profile.last_engagement_time, new_value=\"13435779797866645\", source=unknown"}
{"logTime": "1006/170327", "level": "INFO", "message": "Preference changed: name=profile.content_settings.exceptions.site_engagement, new_value=[object], source=unknown"}
{"logTime": "1006/170327", "level": "INFO", "message": "Preference changed: name=profile.last_engagement_time, new_value=\"13435779807869271\", source=unknown"}
{"logTime": "1006/170328", "level": "INFO", "message": "Preference changed: name=profile.observed_session_time, new_value=[object], source=unknown"}
{"logTime": "1006/170337", "level": "INFO", "message": "Preference changed: name=profile.content_settings.exceptions.site_engagement, new_value=[object], source=unknown"}
{"logTime": "1006/170337", "level": "INFO", "message": "Preference changed: name=profile.last_engagement_time, new_value=\"13435779817881780\", source=unknown"}
{"logTime": "1006/170338", "level": "INFO", "message": "PrefStore write completed: store=4, success=true"}
{"logTime": "1006/170347", "level": "INFO", "message": "Preference changed: name=profile.content_settings.exceptions.site_engagement, new_value=[object], source=unknown"}
{"logTime": "1006/170347", "level": "INFO", "message": "Preference changed: name=profile.last_engagement_time, new_value=\"13435779827884602\", source=unknown"}
{"logTime": "1006/170357", "level": "INFO", "message": "Preference changed: name=profile.content_settings.exceptions.site_engagement, new_value=[object], source=unknown"}
{"logTime": "1006/170357", "level": "INFO", "message": "Preference changed: name=profile.last_engagement_time, new_value=\"13435779837892967\", source=unknown"}
{"logTime": "1006/170407", "level": "INFO", "message": "Preference changed: name=profile.content_settings.exceptions.site_engagement, new_value=[object], source=unknown"}
{"logTime": "1006/170407", "level": "INFO", "message": "Preference changed: name=profile.last_engagement_time, new_value=\"13435779847899026\", source=unknown"}
{"logTime": "1006/170417", "level": "INFO", "message": "Preference changed: name=profile.content_settings.exceptions.site_engagement, new_value=[object], source=unknown"}
{"logTime": "1006/170417", "level": "INFO", "message": "Preference changed: name=profile.last_engagement_time, new_value=\"13435779857906149\", source=unknown"}
{"logTime": "1006/170427", "level": "INFO", "message": "Preference changed: name=profile.content_settings.exceptions.site_engagement, new_value=[object], source=unknown"}
{"logTime": "1006/170427", "level": "INFO", "message": "Preference changed: name=profile.last_engagement_time, new_value=\"13435779867907659\", source=unknown"}
{"logTime": "1006/170437", "level": "INFO", "message": "Preference changed: name=profile.content_settings.exceptions.site_engagement, new_value=[object], source=unknown"}
{"logTime": "1006/170437", "level": "INFO", "message": "Preference changed: name=profile.last_engagement_time, new_value=\"13435779877915819\", source=unknown"}
{"logTime": "1006/170447", "level": "INFO", "message": "Preference changed: name=profile.content_settings.exceptions.site_engagement, new_value=[object], source=unknown"}
{"logTime": "1006/170447", "level": "INFO", "message": "Preference changed: name=profile.last_engagement_time, new_value=\"13435779887925622\", source=unknown"}
{"logTime": "1006/170457", "level": "INFO", "message": "Preference changed: name=profile.content_settings.exceptions.site_engagement, new_value=[object], source=unknown"}
{"logTime": "1006/170457", "level": "INFO", "message": "Preference changed: name=profile.last_engagement_time, new_value=\"13435779897934238\", source=unknown"}
{"logTime": "1006/170507", "level": "INFO", "message": "Preference changed: name=profile.content_settings.exceptions.site_engagement, new_value=[object], source=unknown"}
{"logTime": "1006/170507", "level": "INFO", "message": "Preference changed: name=profile.last_engagement_time, new_value=\"13435779907935662\", source=unknown"}
{"logTime": "1006/170517", "level": "INFO", "message": "Preference changed: name=profile.content_settings.exceptions.site_engagement, new_value=[object], source=unknown"}
{"logTime": "1006/170517", "level": "INFO", "message": "Preference changed: name=profile.last_engagement_time, new_value=\"13435779917939492\", source=unknown"}
{"logTime": "1006/170527", "level": "INFO", "message": "Preference changed: name=profile.content_settings.exceptions.site_engagement, new_value=[object], source=unknown"}
{"logTime": "1006/170527", "level": "INFO", "message": "Preference changed: name=profile.last_engagement_time, new_value=\"13435779927950473\", source=unknown"}
{"logTime": "1006/170537", "level": "INFO", "message": "Preference changed: name=profile.content_settings.exceptions.site_engagement, new_value=[object], source=unknown"}
{"logTime": "1006/170537", "level": "INFO", "message": "Preference changed: name=profile.last_engagement_time, new_value=\"13435779937965307\", source=unknown"}
{"logTime": "1006/170547", "level": "INFO", "message": "Preference changed: name=profile.content_settings.exceptions.site_engagement, new_value=[object], source=unknown"}
{"logTime": "1006/170547", "level": "INFO", "message": "Preference changed: name=profile.last_engagement_time, new_value=\"13435779947969847\", source=unknown"}
{"logTime": "1006/170557", "level": "INFO", "message": "Preference changed: name=profile.content_settings.exceptions.site_engagement, new_value=[object], source=unknown"}
{"logTime": "1006/170557", "level": "INFO", "message": "Preference changed: name=profile.last_engagement_time, new_value=\"13435779957979321\", source=unknown"}
{"logTime": "1006/170607", "level": "INFO", "message": "Preference changed: name=profile.content_settings.exceptions.site_engagement, new_value=[object], source=unknown"}
{"logTime": "1006/170607", "level": "INFO", "message": "Preference changed: name=profile.last_engagement_time, new_value=\"13435779967986487\", source=unknown"}
{"logTime": "1006/170617", "level": "INFO", "message": "Preference changed: name=profile.content_settings.exceptions.site_engagement, new_value=[object], source=unknown"}
{"logTime": "1006/170617", "level": "INFO", "message": "Preference changed: name=profile.last_engagement_time, new_value=\"13435779977995609\", source=unknown"}
{"logTime": "1006/170628", "level": "INFO", "message": "Preference changed: name=profile.content_settings.exceptions.site_engagement, new_value=[object], source=unknown"}
{"logTime": "1006/170628", "level": "INFO", "message": "Preference changed: name=profile.last_engagement_time, new_value=\"13435779988001886\", source=unknown"}
{"logTime": "1006/170638", "level": "INFO", "message": "Preference changed: name=profile.content_settings.exceptions.site_engagement, new_value=[object], source=unknown"}
{"logTime": "1006/170638", "level": "INFO", "message": "Preference changed: name=profile.last_engagement_time, new_value=\"13435779998006787\", source=unknown"}
{"logTime": "1006/170648", "level": "INFO", "message": "Preference changed: name=profile.content_settings.exceptions.site_engagement, new_value=[object], source=unknown"}
{"logTime": "1006/170648", "level": "INFO", "message": "Preference changed: name=profile.last_engagement_time, new_value=\"13435780008010315\", source=unknown"}
{"logTime": "1006/170658", "level": "INFO", "message": "Preference changed: name=profile.content_settings.exceptions.site_engagement, new_value=[object], source=unknown"}
{"logTime": "1006/170658", "level": "INFO", "message": "Preference changed: name=profile.last_engagement_time, new_value=\"13435780018018174\", source=unknown"}
{"logTime": "1006/170708", "level": "INFO", "message": "Preference changed: name=profile.content_settings.exceptions.site_engagement, new_value=[object], source=unknown"}
{"logTime": "1006/170708", "level": "INFO", "message": "Preference changed: name=profile.last_engagement_time, new_value=\"13435780028023325\", source=unknown"}
{"logTime": "1006/170718", "level": "INFO", "message": "Preference changed: name=profile.content_settings.exceptions.site_engagement, new_value=[object], source=unknown"}
{"logTime": "1006/170718", "level": "INFO", "message": "Preference changed: name=profile.last_engagement_time, new_value=\"13435780038038294\", source=unknown"}
{"logTime": "1006/170728", "level": "INFO", "message": "Preference changed: name=profile.content_settings.exceptions.site_engagement, new_value=[object], source=unknown"}
{"logTime": "1006/170728", "level": "INFO", "message": "Preference changed: name=profile.last_engagement_time, new_value=\"13435780048046578\", source=unknown"}
{"logTime": "1006/170738", "level": "INFO", "message": "Preference changed: name=profile.content_settings.exceptions.site_engagement, new_value=[object], source=unknown"}
{"logTime": "1006/170738", "level": "INFO", "message": "Preference changed: name=profile.last_engagement_time, new_value=\"13435780058060653\", source=unknown"}
{"logTime": "1006/170748", "level": "INFO", "message": "Preference changed: name=profile.content_settings.exceptions.site_engagement, new_value=[object], source=unknown"}
{"logTime": "1006/170748", "level": "INFO", "message": "Preference changed: name=profile.last_engagement_time, new_value=\"13435780068064533\", source=unknown"}
{"logTime": "1006/170758", "level": "INFO", "message": "Preference changed: name=profile.content_settings.exceptions.site_engagement, new_value=[object], source=unknown"}
{"logTime": "1006/170758", "level": "INFO", "message": "Preference changed: name=profile.last_engagement_time, new_value=\"13435780078068118\", source=unknown"}
{"logTime": "1006/170808", "level": "INFO", "message": "Preference changed: name=profile.content_settings.exceptions.site_engagement, new_value=[object], source=unknown"}
{"logTime": "1006/170808", "level": "INFO", "message": "Preference changed: name=profile.last_engagement_time, new_value=\"13435780088079723\", source=unknown"}
{"logTime": "1006/170818", "level": "INFO", "message": "Preference changed: name=profile.content_settings.exceptions.site_engagement, new_value=[object], source=unknown"}
{"logTime": "1006/170818", "level": "INFO", "message": "Preference changed: name=profile.last_engagement_time, new_value=\"13435780098092188\", source=unknown"}
{"logTime": "1006/170828", "level": "INFO", "message": "Preference changed: name=profile.content_settings.exceptions.site_engagement, new_value=[object], source=unknown"}
{"logTime": "1006/170828", "level": "INFO", "message": "Preference changed: name=profile.last_engagement_time, new_value=\"13435780108092511\", source=unknown"}
{"logTime": "1006/170838", "level": "INFO", "message": "Preference changed: name=profile.content_settings.exceptions.site_engagement, new_value=[object], source=unknown"}
{"logTime": "1006/170838", "level": "INFO", "message": "Preference changed: name=profile.last_engagement_time, new_value=\"13435780118098775\", source=unknown"}
{"logTime": "1006/170848", "level": "INFO", "message": "Preference changed: name=profile.content_settings.exceptions.site_engagement, new_value=[object], source=unknown"}
{"logTime": "1006/170848", "level": "INFO", "message": "Preference changed: name=profile.last_engagement_time, new_value=\"13435780128107076\", source=unknown"}
{"logTime": "1006/170858", "level": "INFO", "message": "Preference changed: name=profile.content_settings.exceptions.site_engagement, new_value=[object], source=unknown"}
{"logTime": "1006/170858", "level": "INFO", "message": "Preference changed: name=profile.last_engagement_time, new_value=\"13435780138117135\", source=unknown"}
{"logTime": "1006/170908", "level": "INFO", "message": "Preference changed: name=profile.content_settings.exceptions.site_engagement, new_value=[object], source=unknown"}
{"logTime": "1006/170908", "level": "INFO", "message": "Preference changed: name=profile.last_engagement_time, new_value=\"13435780148123466\", source=unknown"}
{"logTime": "1006/170918", "level": "INFO", "message": "Preference changed: name=profile.content_settings.exceptions.site_engagement, new_value=[object], source=unknown"}
{"logTime": "1006/170918", "level": "INFO", "message": "Preference changed: name=profile.last_engagement_time, new_value=\"13435780158131380\", source=unknown"}
{"logTime": "1006/170928", "level": "INFO", "message": "Preference changed: name=profile.content_settings.exceptions.site_engagement, new_value=[object], source=unknown"}
{"logTime": "1006/170928", "level": "INFO", "message": "Preference changed: name=profile.last_engagement_time, new_value=\"13435780168148021\", source=unknown"}
{"logTime": "1006/170938", "level": "INFO", "message": "Preference changed: name=profile.content_settings.exceptions.site_engagement, new_value=[object], source=unknown"}
{"logTime": "1006/170938", "level": "INFO", "message": "Preference changed: name=profile.last_engagement_time, new_value=\"13435780178162853\", source=unknown"}
{"logTime": "1006/170948", "level": "INFO", "message": "Preference changed: name=profile.content_settings.exceptions.site_engagement, new_value=[object], source=unknown"}
{"logTime": "1006/170948", "level": "INFO", "message": "Preference changed: name=profile.last_engagement_time, new_value=\"13435780188168016\", source=unknown"}
{"logTime": "1006/170958", "level": "INFO", "message": "Preference changed: name=profile.content_settings.exceptions.site_engagement, new_value=[object], source=unknown"}
{"logTime": "1006/170958", "level": "INFO", "message": "Preference changed: name=profile.last_engagement_time, new_value=\"13435780198181684\", source=unknown"}
{"logTime": "1006/171008", "level": "INFO", "message": "Preference changed: name=profile.content_settings.exceptions.site_engagement, new_value=[object], source=unknown"}
{"logTime": "1006/171008", "level": "INFO", "message": "Preference changed: name=profile.last_engagement_time, new_value=\"13435780208193814\", source=unknown"}
{"logTime": "1006/171018", "level": "INFO", "message": "Preference changed: name=profile.content_settings.exceptions.site_engagement, new_value=[object], source=unknown"}
{"logTime": "1006/171018", "level": "INFO", "message": "Preference changed: name=profile.last_engagement_time, new_value=\"13435780218204270\", source=unknown"}
{"logTime": "1006/171028", "level": "INFO", "message": "Preference changed: name=profile.content_settings.exceptions.site_engagement, new_value=[object], source=unknown"}
{"logTime": "1006/171028", "level": "INFO", "message": "Preference changed: name=profile.last_engagement_time, new_value=\"13435780228212683\", source=unknown"}
{"logTime": "1006/171038", "level": "INFO", "message": "Preference changed: name=profile.content_settings.exceptions.site_engagement, new_value=[object], source=unknown"}
{"logTime": "1006/171038", "level": "INFO", "message": "Preference changed: name=profile.last_engagement_time, new_value=\"13435780238222249\", source=unknown"}
{"logTime": "1006/171048", "level": "INFO", "message": "Preference changed: name=profile.content_settings.exceptions.site_engagement, new_value=[object], source=unknown"}
{"logTime": "1006/171048", "level": "INFO", "message": "Preference changed: name=profile.last_engagement_time, new_value=\"13435780248225047\", source=unknown"}
{"logTime": "1006/171058", "level": "INFO", "message": "Preference changed: name=profile.content_settings.exceptions.site_engagement, new_value=[object], source=unknown"}
{"logTime": "1006/171058", "level": "INFO", "message": "Preference changed: name=profile.last_engagement_time, new_value=\"13435780258240030\", source=unknown"}
{"logTime": "1006/171108", "level": "INFO", "message": "Preference changed: name=profile.content_settings.exceptions.site_engagement, new_value=[object], source=unknown"}
{"logTime": "1006/171108", "level": "INFO", "message": "Preference changed: name=profile.last_engagement_time, new_value=\"13435780268243452\", source=unknown"}
{"logTime": "1006/171118", "level": "INFO", "message": "Preference changed: name=profile.content_settings.exceptions.site_engagement, new_value=[object], source=unknown"}
{"logTime": "1006/171118", "level": "INFO", "message": "Preference changed: name=profile.last_engagement_time, new_value=\"13435780278257431\", source=unknown"}
{"logTime": "1006/171128", "level": "INFO", "message": "Preference changed: name=profile.content_settings.exceptions.site_engagement, new_value=[object], source=unknown"}
{"logTime": "1006/171128", "level": "INFO", "message": "Preference changed: name=profile.last_engagement_time, new_value=\"13435780288261780\", source=unknown"}
{"logTime": "1006/171138", "level": "INFO", "message": "Preference changed: name=profile.content_settings.exceptions.site_engagement, new_value=[object], source=unknown"}
{"logTime": "1006/171138", "level": "INFO", "message": "Preference changed: name=profile.last_engagement_time, new_value=\"13435780298264112\", source=unknown"}
{"logTime": "1006/171148", "level": "INFO", "message": "Preference changed: name=profile.content_settings.exceptions.site_engagement, new_value=[object], source=unknown"}
{"logTime": "1006/171148", "level": "INFO", "message": "Preference changed: name=profile.last_engagement_time, new_value=\"13435780308265166\", source=unknown"}
{"logTime": "1006/171158", "level": "INFO", "message": "Preference changed: name=profile.content_settings.exceptions.site_engagement, new_value=[object], source=unknown"}
{"logTime": "1006/171158", "level": "INFO", "message": "Preference changed: name=profile.last_engagement_time, new_value=\"13435780318266703\", source=unknown"}
{"logTime": "1006/171208", "level": "INFO", "message": "Preference changed: name=profile.content_settings.exceptions.site_engagement, new_value=[object], source=unknown"}
{"logTime": "1006/171208", "level": "INFO", "message": "Preference changed: name=profile.last_engagement_time, new_value=\"13435780328269854\", source=unknown"}
{"logTime": "1006/171212", "level": "INFO", "message": "Preference changed: name=profile.observed_session_time, new_value=[object], source=unknown"}
{"logTime": "1006/171218", "level": "INFO", "message": "Preference changed: name=profile.content_settings.exceptions.site_engagement, new_value=[object], source=unknown"}
{"logTime": "1006/171218", "level": "INFO", "message": "Preference changed: name=profile.last_engagement_time, new_value=\"13435780338276791\", source=unknown"}
{"logTime": "1006/171222", "level": "INFO", "message": "PrefStore write completed: store=4, success=true"}
{"logTime": "1006/171228", "level": "INFO", "message": "Preference changed: name=profile.content_settings.exceptions.site_engagement, new_value=[object], source=unknown"}
{"logTime": "1006/171228", "level": "INFO", "message": "Preference changed: name=profile.last_engagement_time, new_value=\"13435780348291213\", source=unknown"}
{"logTime": "1006/171238", "level": "INFO", "message": "Preference changed: name=profile.content_settings.exceptions.site_engagement, new_value=[object], source=unknown"}
{"logTime": "1006/171238", "level": "INFO", "message": "Preference changed: name=profile.last_engagement_time, new_value=\"13435780358298232\", source=unknown"}
{"logTime": "1006/171248", "level": "INFO", "message": "Preference changed: name=profile.content_settings.exceptions.site_engagement, new_value=[object], source=unknown"}
{"logTime": "1006/171248", "level": "INFO", "message": "Preference changed: name=profile.last_engagement_time, new_value=\"13435780368304929\", source=unknown"}
{"logTime": "1006/171258", "level": "INFO", "message": "Preference changed: name=profile.content_settings.exceptions.site_engagement, new_value=[object], source=unknown"}
{"logTime": "1006/171258", "level": "INFO", "message": "Preference changed: name=profile.last_engagement_time, new_value=\"13435780378313227\", source=unknown"}
{"logTime": "1006/171308", "level": "INFO", "message": "Preference changed: name=profile.content_settings.exceptions.site_engagement, new_value=[object], source=unknown"}
{"logTime": "1006/171308", "level": "INFO", "message": "Preference changed: name=profile.last_engagement_time, new_value=\"13435780388319374\", source=unknown"}
{"logTime": "1006/171318", "level": "INFO", "message": "Preference changed: name=profile.content_settings.exceptions.site_engagement, new_value=[object], source=unknown"}
{"logTime": "1006/171318", "level": "INFO", "message": "Preference changed: name=profile.last_engagement_time, new_value=\"13435780398332423\", source=unknown"}
{"logTime": "1006/171328", "level": "INFO", "message": "Preference changed: name=profile.content_settings.exceptions.site_engagement, new_value=[object], source=unknown"}
{"logTime": "1006/171328", "level": "INFO", "message": "Preference changed: name=profile.last_engagement_time, new_value=\"13435780408345448\", source=unknown"}
{"logTime": "1006/171338", "level": "INFO", "message": "Preference changed: name=profile.content_settings.exceptions.site_engagement, new_value=[object], source=unknown"}
{"logTime": "1006/171338", "level": "INFO", "message": "Preference changed: name=profile.last_engagement_time, new_value=\"13435780418360961\", source=unknown"}
{"logTime": "1006/171348", "level": "INFO", "message": "Preference changed: name=profile.content_settings.exceptions.site_engagement, new_value=[object], source=unknown"}
{"logTime": "1006/171348", "level": "INFO", "message": "Preference changed: name=profile.last_engagement_time, new_value=\"13435780428368414\", source=unknown"}
{"logTime": "1006/171358", "level": "INFO", "message": "Preference changed: name=profile.content_settings.exceptions.site_engagement, new_value=[object], source=unknown"}
{"logTime": "1006/171358", "level": "INFO", "message": "Preference changed: name=profile.last_engagement_time, new_value=\"13435780438376509\", source=unknown"}
{"logTime": "1006/171408", "level": "INFO", "message": "Preference changed: name=profile.content_settings.exceptions.site_engagement, new_value=[object], source=unknown"}
{"logTime": "1006/171408", "level": "INFO", "message": "Preference changed: name=profile.last_engagement_time, new_value=\"13435780448382780\", source=unknown"}
{"logTime": "1006/171418", "level": "INFO", "message": "Preference changed: name=profile.content_settings.exceptions.site_engagement, new_value=[object], source=unknown"}
{"logTime": "1006/171418", "level": "INFO", "message": "Preference changed: name=profile.last_engagement_time, new_value=\"13435780458395493\", source=unknown"}
{"logTime": "1006/171428", "level": "INFO", "message": "Preference changed: name=profile.content_settings.exceptions.site_engagement, new_value=[object], source=unknown"}
{"logTime": "1006/171428", "level": "INFO", "message": "Preference changed: name=profile.last_engagement_time, new_value=\"13435780468396293\", source=unknown"}
{"logTime": "1006/171438", "level": "INFO", "message": "Preference changed: name=profile.content_settings.exceptions.site_engagement, new_value=[object], source=unknown"}
{"logTime": "1006/171438", "level": "INFO", "message": "Preference changed: name=profile.last_engagement_time, new_value=\"13435780478410594\", source=unknown"}
{"logTime": "1006/171448", "level": "INFO", "message": "Preference changed: name=profile.content_settings.exceptions.site_engagement, new_value=[object], source=unknown"}
{"logTime": "1006/171448", "level": "INFO", "message": "Preference changed: name=profile.last_engagement_time, new_value=\"13435780488425827\", source=unknown"}
{"logTime": "1006/171458", "level": "INFO", "message": "Preference changed: name=profile.content_settings.exceptions.site_engagement, new_value=[object], source=unknown"}
{"logTime": "1006/171458", "level": "INFO", "message": "Preference changed: name=profile.last_engagement_time, new_value=\"13435780498439186\", source=unknown"}
{"logTime": "1006/171508", "level": "INFO", "message": "Preference changed: name=profile.content_settings.exceptions.site_engagement, new_value=[object], source=unknown"}
{"logTime": "1006/171508", "level": "INFO", "message": "Preference changed: name=profile.last_engagement_time, new_value=\"13435780508452845\", source=unknown"}
{"logTime": "1006/171518", "level": "INFO", "message": "Preference changed: name=profile.content_settings.exceptions.site_engagement, new_value=[object], source=unknown"}
{"logTime": "1006/171518", "level": "INFO", "message": "Preference changed: name=profile.last_engagement_time, new_value=\"13435780518466212\", source=unknown"}
{"logTime": "1006/171528", "level": "INFO", "message": "Preference changed: name=profile.content_settings.exceptions.site_engagement, new_value=[object], source=unknown"}
{"logTime": "1006/171528", "level": "INFO", "message": "Preference changed: name=profile.last_engagement_time, new_value=\"13435780528477787\", source=unknown"}
{"logTime": "1006/171538", "level": "INFO", "message": "Preference changed: name=profile.content_settings.exceptions.site_engagement, new_value=[object], source=unknown"}
{"logTime": "1006/171538", "level": "INFO", "message": "Preference changed: name=profile.last_engagement_time, new_value=\"13435780538481641\", source=unknown"}
{"logTime": "1006/171548", "level": "INFO", "message": "Preference changed: name=profile.content_settings.exceptions.site_engagement, new_value=[object], source=unknown"}
{"logTime": "1006/171548", "level": "INFO", "message": "Preference changed: name=profile.last_engagement_time, new_value=\"13435780548484116\", source=unknown"}
{"logTime": "1006/171558", "level": "INFO", "message": "Preference changed: name=profile.content_settings.exceptions.site_engagement, new_value=[object], source=unknown"}
{"logTime": "1006/171558", "level": "INFO", "message": "Preference changed: name=profile.last_engagement_time, new_value=\"13435780558494308\", source=unknown"}
{"logTime": "1006/171608", "level": "INFO", "message": "Preference changed: name=profile.content_settings.exceptions.site_engagement, new_value=[object], source=unknown"}
{"logTime": "1006/171608", "level": "INFO", "message": "Preference changed: name=profile.last_engagement_time, new_value=\"13435780568496288\", source=unknown"}
{"logTime": "1006/171618", "level": "INFO", "message": "Preference changed: name=profile.content_settings.exceptions.site_engagement, new_value=[object], source=unknown"}
{"logTime": "1006/171618", "level": "INFO", "message": "Preference changed: name=profile.last_engagement_time, new_value=\"13435780578505998\", source=unknown"}
{"logTime": "1006/171628", "level": "INFO", "message": "Preference changed: name=profile.content_settings.exceptions.site_engagement, new_value=[object], source=unknown"}
{"logTime": "1006/171628", "level": "INFO", "message": "Preference changed: name=profile.last_engagement_time, new_value=\"13435780588514170\", source=unknown"}
{"logTime": "1006/171638", "level": "INFO", "message": "Preference changed: name=profile.content_settings.exceptions.site_engagement, new_value=[object], source=unknown"}
{"logTime": "1006/171638", "level": "INFO", "message": "Preference changed: name=profile.last_engagement_time, new_value=\"13435780598517458\", source=unknown"}
{"logTime": "1006/171648", "level": "INFO", "message": "Preference changed: name=profile.content_settings.exceptions.site_engagement, new_value=[object], source=unknown"}
{"logTime": "1006/171648", "level": "INFO", "message": "Preference changed: name=profile.last_engagement_time, new_value=\"13435780608524887\", source=unknown"}
{"logTime": "1006/171658", "level": "INFO", "message": "Preference changed: name=profile.content_settings.exceptions.site_engagement, new_value=[object], source=unknown"}
{"logTime": "1006/171658", "level": "INFO", "message": "Preference changed: name=profile.last_engagement_time, new_value=\"13435780618536729\", source=unknown"}
{"logTime": "1006/171708", "level": "INFO", "message": "Preference changed: name=profile.content_settings.exceptions.site_engagement, new_value=[object], source=unknown"}
{"logTime": "1006/171708", "level": "INFO", "message": "Preference changed: name=profile.last_engagement_time, new_value=\"13435780628550044\", source=unknown"}
{"logTime": "1006/171718", "level": "INFO", "message": "Preference changed: name=profile.content_settings.exceptions.site_engagement, new_value=[object], source=unknown"}
{"logTime": "1006/171718", "level": "INFO", "message": "Preference changed: name=profile.last_engagement_time, new_value=\"13435780638558274\", source=unknown"}
{"logTime": "1006/171728", "level": "INFO", "message": "Preference changed: name=profile.content_settings.exceptions.site_engagement, new_value=[object], source=unknown"}
{"logTime": "1006/171728", "level": "INFO", "message": "Preference changed: name=profile.last_engagement_time, new_value=\"13435780648572490\", source=unknown"}
{"logTime": "1006/171731", "level": "INFO", "message": "Preference changed: name=profile.observed_session_time, new_value=[object], source=unknown"}
{"logTime": "1006/171738", "level": "INFO", "message": "Preference changed: name=profile.content_settings.exceptions.site_engagement, new_value=[object], source=unknown"}
{"logTime": "1006/171738", "level": "INFO", "message": "Preference changed: name=profile.last_engagement_time, new_value=\"13435780658573430\", source=unknown"}
{"logTime": "1006/171741", "level": "INFO", "message": "PrefStore write completed: store=4, success=true"}
{"logTime": "1006/171748", "level": "INFO", "message": "Preference changed: name=profile.content_settings.exceptions.site_engagement, new_value=[object], source=unknown"}
{"logTime": "1006/171748", "level": "INFO", "message": "Preference changed: name=profile.last_engagement_time, new_value=\"13435780668579815\", source=unknown"}
{"logTime": "1006/171758", "level": "INFO", "message": "Preference changed: name=profile.content_settings.exceptions.site_engagement, new_value=[object], source=unknown"}
{"logTime": "1006/171758", "level": "INFO", "message": "Preference changed: name=profile.last_engagement_time, new_value=\"13435780678581290\", source=unknown"}
{"logTime": "1006/171808", "level": "INFO", "message": "Preference changed: name=profile.content_settings.exceptions.site_engagement, new_value=[object], source=unknown"}
{"logTime": "1006/171808", "level": "INFO", "message": "Preference changed: name=profile.last_engagement_time, new_value=\"13435780688590376\", source=unknown"}
{"logTime": "1006/171818", "level": "INFO", "message": "Preference changed: name=profile.content_settings.exceptions.site_engagement, new_value=[object], source=unknown"}
{"logTime": "1006/171818", "level": "INFO", "message": "Preference changed: name=profile.last_engagement_time, new_value=\"13435780698592806\", source=unknown"}
{"logTime": "1006/171828", "level": "INFO", "message": "Preference changed: name=profile.content_settings.exceptions.site_engagement, new_value=[object], source=unknown"}
{"logTime": "1006/171828", "level": "INFO", "message": "Preference changed: name=profile.last_engagement_time, new_value=\"13435780708596079\", source=unknown"}
{"logTime": "1006/171838", "level": "INFO", "message": "Preference changed: name=profile.content_settings.exceptions.site_engagement, new_value=[object], source=unknown"}
{"logTime": "1006/171838", "level": "INFO", "message": "Preference changed: name=profile.last_engagement_time, new_value=\"13435780718605551\", source=unknown"}
{"logTime": "1006/171848", "level": "INFO", "message": "Preference changed: name=profile.content_settings.exceptions.site_engagement, new_value=[object], source=unknown"}
{"logTime": "1006/171848", "level": "INFO", "message": "Preference changed: name=profile.last_engagement_time, new_value=\"13435780728620051\", source=unknown"}
{"logTime": "1006/171858", "level": "INFO", "message": "Preference changed: name=profile.content_settings.exceptions.site_engagement, new_value=[object], source=unknown"}
{"logTime": "1006/171858", "level": "INFO", "message": "Preference changed: name=profile.last_engagement_time, new_value=\"13435780738625693\", source=unknown"}
{"logTime": "1006/171908", "level": "INFO", "message": "Preference changed: name=profile.content_settings.exceptions.site_engagement, new_value=[object], source=unknown"}
{"logTime": "1006/171908", "level": "INFO", "message": "Preference changed: name=profile.last_engagement_time, new_value=\"13435780748629840\", source=unknown"}
{"logTime": "1006/171918", "level": "INFO", "message": "Preference changed: name=profile.content_settings.exceptions.site_engagement, new_value=[object], source=unknown"}
{"logTime": "1006/171918", "level": "INFO", "message": "Preference changed: name=profile.last_engagement_time, new_value=\"13435780758635732\", source=unknown"}
{"logTime": "1006/171928", "level": "INFO", "message": "Preference changed: name=profile.content_settings.exceptions.site_engagement, new_value=[object], source=unknown"}
{"logTime": "1006/171928", "level": "INFO", "message": "Preference changed: name=profile.last_engagement_time, new_value=\"13435780768642599\", source=unknown"}
{"logTime": "1006/171938", "level": "INFO", "message": "Preference changed: name=profile.content_settings.exceptions.site_engagement, new_value=[object], source=unknown"}
{"logTime": "1006/171938", "level": "INFO", "message": "Preference changed: name=profile.last_engagement_time, new_value=\"13435780778652521\", source=unknown"}
{"logTime": "1006/171948", "level": "INFO", "message": "Preference changed: name=profile.content_settings.exceptions.site_engagement, new_value=[object], source=unknown"}
{"logTime": "1006/171948", "level": "INFO", "message": "Preference changed: name=profile.last_engagement_time, new_value=\"13435780788653908\", source=unknown"}
{"logTime": "1006/171958", "level": "INFO", "message": "Preference changed: name=profile.content_settings.exceptions.site_engagement, new_value=[object], source=unknown"}
{"logTime": "1006/171958", "level": "INFO", "message": "Preference changed: name=profile.last_engagement_time, new_value=\"13435780798666798\", source=unknown"}
{"logTime": "1006/172008", "level": "INFO", "message": "Preference changed: name=profile.content_settings.exceptions.site_engagement, new_value=[object], source=unknown"}
{"logTime": "1006/172008", "level": "INFO", "message": "Preference changed: name=profile.last_engagement_time, new_value=\"13435780808681339\", source=unknown"}
{"logTime": "1006/172018", "level": "INFO", "message": "Preference changed: name=profile.content_settings.exceptions.site_engagement, new_value=[object], source=unknown"}
{"logTime": "1006/172018", "level": "INFO", "message": "Preference changed: name=profile.last_engagement_time, new_value=\"13435780818694907\", source=unknown"}
{"logTime": "1006/172028", "level": "INFO", "message": "Preference changed: name=profile.content_settings.exceptions.site_engagement, new_value=[object], source=unknown"}
{"logTime": "1006/172028", "level": "INFO", "message": "Preference changed: name=profile.last_engagement_time, new_value=\"13435780828701170\", source=unknown"}
{"logTime": "1006/172038", "level": "INFO", "message": "Preference changed: name=profile.content_settings.exceptions.site_engagement, new_value=[object], source=unknown"}
{"logTime": "1006/172038", "level": "INFO", "message": "Preference changed: name=profile.last_engagement_time, new_value=\"13435780838702043\", source=unknown"}
{"logTime": "1006/172048", "level": "INFO", "message": "Preference changed: name=profile.content_settings.exceptions.site_engagement, new_value=[object], source=unknown"}
{"logTime": "1006/172048", "level": "INFO", "message": "Preference changed: name=profile.last_engagement_time, new_value=\"13435780848713256\", source=unknown"}
{"logTime": "1006/172058", "level": "INFO", "message": "Preference changed: name=profile.content_settings.exceptions.site_engagement, new_value=[object], source=unknown"}
{"logTime": "1006/172058", "level": "INFO", "message": "Preference changed: name=profile.last_engagement_time, new_value=\"13435780858723443\", source=unknown"}
{"logTime": "1006/172108", "level": "INFO", "message": "Preference changed: name=profile.content_settings.exceptions.site_engagement, new_value=[object], source=unknown"}
{"logTime": "1006/172108", "level": "INFO", "message": "Preference changed: name=profile.last_engagement_time, new_value=\"13435780868733832\", source=unknown"}
{"logTime": "1006/172118", "level": "INFO", "message": "Preference changed: name=profile.content_settings.exceptions.site_engagement, new_value=[object], source=unknown"}
{"logTime": "1006/172118", "level": "INFO", "message": "Preference changed: name=profile.last_engagement_time, new_value=\"13435780878745063\", source=unknown"}
{"logTime": "1006/172128", "level": "INFO", "message": "Preference changed: name=profile.content_settings.exceptions.site_engagement, new_value=[object], source=unknown"}
{"logTime": "1006/172128", "level": "INFO", "message": "Preference changed: name=profile.last_engagement_time, new_value=\"13435780888761363\", source=unknown"}
{"logTime": "1006/172138", "level": "INFO", "message": "Preference changed: name=profile.content_settings.exceptions.site_engagement, new_value=[object], source=unknown"}
{"logTime": "1006/172138", "level": "INFO", "message": "Preference changed: name=profile.last_engagement_time, new_value=\"13435780898766275\", source=unknown"}
{"logTime": "1006/172148", "level": "INFO", "message": "Preference changed: name=profile.content_settings.exceptions.site_engagement, new_value=[object], source=unknown"}
{"logTime": "1006/172148", "level": "INFO", "message": "Preference changed: name=profile.last_engagement_time, new_value=\"13435780908782733\", source=unknown"}
{"logTime": "1006/172158", "level": "INFO", "message": "Preference changed: name=profile.content_settings.exceptions.site_engagement, new_value=[object], source=unknown"}
{"logTime": "1006/172158", "level": "INFO", "message": "Preference changed: name=profile.last_engagement_time, new_value=\"13435780918784827\", source=unknown"}
{"logTime": "1006/172208", "level": "INFO", "message": "Preference changed: name=profile.content_settings.exceptions.site_engagement, new_value=[object], source=unknown"}
{"logTime": "1006/172208", "level": "INFO", "message": "Preference changed: name=profile.last_engagement_time, new_value=\"13435780928790362\", source=unknown"}
{"logTime": "1006/172218", "level": "INFO", "message": "Preference changed: name=profile.content_settings.exceptions.site_engagement, new_value=[object], source=unknown"}
{"logTime": "1006/172218", "level": "INFO", "message": "Preference changed: name=profile.last_engagement_time, new_value=\"13435780938791795\", source=unknown"}
{"logTime": "1006/172228", "level": "INFO", "message": "Preference changed: name=profile.content_settings.exceptions.site_engagement, new_value=[object], source=unknown"}
{"logTime": "1006/172228", "level": "INFO", "message": "Preference changed: name=profile.last_engagement_time, new_value=\"13435780948805773\", source=unknown"}
{"logTime": "1006/172238", "level": "INFO", "message": "Preference changed: name=profile.content_settings.exceptions.site_engagement, new_value=[object], source=unknown"}
{"logTime": "1006/172238", "level": "INFO", "message": "Preference changed: name=profile.last_engagement_time, new_value=\"13435780958815416\", source=unknown"}
{"logTime": "1006/172248", "level": "INFO", "message": "Preference changed: name=profile.content_settings.exceptions.site_engagement, new_value=[object], source=unknown"}
{"logTime": "1006/172248", "level": "INFO", "message": "Preference changed: name=profile.last_engagement_time, new_value=\"13435780968827250\", source=unknown"}
{"logTime": "1006/172258", "level": "INFO", "message": "Preference changed: name=profile.content_settings.exceptions.site_engagement, new_value=[object], source=unknown"}
{"logTime": "1006/172258", "level": "INFO", "message": "Preference changed: name=profile.last_engagement_time, new_value=\"13435780978836184\", source=unknown"}
{"logTime": "1006/172308", "level": "INFO", "message": "Preference changed: name=profile.content_settings.exceptions.site_engagement, new_value=[object], source=unknown"}
{"logTime": "1006/172308", "level": "INFO", "message": "Preference changed: name=profile.last_engagement_time, new_value=\"13435780988839891\", source=unknown"}
{"logTime": "1006/172318", "level": "INFO", "message": "Preference changed: name=profile.content_settings.exceptions.site_engagement, new_value=[object], source=unknown"}
{"logTime": "1006/172318", "level": "INFO", "message": "Preference changed: name=profile.last_engagement_time, new_value=\"13435780998851583\", source=unknown"}
{"logTime": "1006/172328", "level": "INFO", "message": "Preference changed: name=profile.content_settings.exceptions.site_engagement, new_value=[object], source=unknown"}
{"logTime": "1006/172328", "level": "INFO", "message": "Preference changed: name=profile.last_engagement_time, new_value=\"13435781008862037\", source=unknown"}
{"logTime": "1006/172338", "level": "INFO", "message": "Preference changed: name=profile.content_settings.exceptions.site_engagement, new_value=[object], source=unknown"}
{"logTime": "1006/172338", "level": "INFO", "message": "Preference changed: name=profile.last_engagement_time, new_value=\"13435781018862819\", source=unknown"}
{"logTime": "1006/172348", "level": "INFO", "message": "Preference changed: name=profile.content_settings.exceptions.site_engagement, new_value=[object], source=unknown"}
{"logTime": "1006/172348", "level": "INFO", "message": "Preference changed: name=profile.last_engagement_time, new_value=\"13435781028863801\", source=unknown"}
{"logTime": "1006/172358", "level": "INFO", "message": "Preference changed: name=profile.content_settings.exceptions.site_engagement, new_value=[object], source=unknown"}
{"logTime": "1006/172358", "level": "INFO", "message": "Preference changed: name=profile.last_engagement_time, new_value=\"13435781038865111\", source=unknown"}
{"logTime": "1006/172408", "level": "INFO", "message": "Preference changed: name=profile.content_settings.exceptions.site_engagement, new_value=[object], source=unknown"}
{"logTime": "1006/172408", "level": "INFO", "message": "Preference changed: name=profile.last_engagement_time, new_value=\"13435781048871227\", source=unknown"}
{"logTime": "1006/172418", "level": "INFO", "message": "Preference changed: name=profile.content_settings.exceptions.site_engagement, new_value=[object], source=unknown"}
{"logTime": "1006/172418", "level": "INFO", "message": "Preference changed: name=profile.last_engagement_time, new_value=\"13435781058879516\", source=unknown"}
{"logTime": "1006/172428", "level": "INFO", "message": "Preference changed: name=profile.content_settings.exceptions.site_engagement, new_value=[object], source=unknown"}
{"logTime": "1006/172428", "level": "INFO", "message": "Preference changed: name=profile.last_engagement_time, new_value=\"13435781068883199\", source=unknown"}
{"logTime": "1006/172438", "level": "INFO", "message": "Preference changed: name=profile.content_settings.exceptions.site_engagement, new_value=[object], source=unknown"}
{"logTime": "1006/172438", "level": "INFO", "message": "Preference changed: name=profile.last_engagement_time, new_value=\"13435781078894766\", source=unknown"}
{"logTime": "1006/172448", "level": "INFO", "message": "Preference changed: name=profile.content_settings.exceptions.site_engagement, new_value=[object], source=unknown"}
{"logTime": "1006/172448", "level": "INFO", "message": "Preference changed: name=profile.last_engagement_time, new_value=\"13435781088896281\", source=unknown"}
{"logTime": "1006/172458", "level": "INFO", "message": "Preference changed: name=profile.content_settings.exceptions.site_engagement, new_value=[object], source=unknown"}
{"logTime": "1006/172458", "level": "INFO", "message": "Preference changed: name=profile.last_engagement_time, new_value=\"13435781098907499\", source=unknown"}
{"logTime": "1006/172508", "level": "INFO", "message": "Preference changed: name=profile.content_settings.exceptions.site_engagement, new_value=[object], source=unknown"}
{"logTime": "1006/172508", "level": "INFO", "message": "Preference changed: name=profile.last_engagement_time, new_value=\"13435781108913489\", source=unknown"}
{"logTime": "1006/172518", "level": "INFO", "message": "Preference changed: name=profile.content_settings.exceptions.site_engagement, new_value=[object], source=unknown"}
{"logTime": "1006/172518", "level": "INFO", "message": "Preference changed: name=profile.last_engagement_time, new_value=\"13435781118929763\", source=unknown"}
{"logTime": "1006/172528", "level": "INFO", "message": "Preference changed: name=profile.content_settings.exceptions.site_engagement, new_value=[object], source=unknown"}
{"logTime": "1006/172528", "level": "INFO", "message": "Preference changed: name=profile.last_engagement_time, new_value=\"13435781128932116\", source=unknown"}
{"logTime": "1006/172538", "level": "INFO", "message": "Preference changed: name=profile.content_settings.exceptions.site_engagement, new_value=[object], source=unknown"}
{"logTime": "1006/172538", "level": "INFO", "message": "Preference changed: name=profile.last_engagement_time, new_value=\"13435781138945143\", source=unknown"}
{"logTime": "1006/172548", "level": "INFO", "message": "Preference changed: name=profile.content_settings.exceptions.site_engagement, new_value=[object], source=unknown"}
{"logTime": "1006/172548", "level": "INFO", "message": "Preference changed: name=profile.last_engagement_time, new_value=\"13435781148956790\", source=unknown"}
{"logTime": "1006/172558", "level": "INFO", "message": "Preference changed: name=profile.content_settings.exceptions.site_engagement, new_value=[object], source=unknown"}
{"logTime": "1006/172558", "level": "INFO", "message": "Preference changed: name=profile.last_engagement_time, new_value=\"13435781158971856\", source=unknown"}
{"logTime": "1006/172608", "level": "INFO", "message": "Preference changed: name=profile.content_settings.exceptions.site_engagement, new_value=[object], source=unknown"}
{"logTime": "1006/172608", "level": "INFO", "message": "Preference changed: name=profile.last_engagement_time, new_value=\"13435781168975686\", source=unknown"}
{"logTime": "1006/172618", "level": "INFO", "message": "Preference changed: name=profile.content_settings.exceptions.site_engagement, new_value=[object], source=unknown"}
{"logTime": "1006/172618", "level": "INFO", "message": "Preference changed: name=profile.last_engagement_time, new_value=\"13435781178988314\", source=unknown"}
{"logTime": "1006/172628", "level": "INFO", "message": "Preference changed: name=profile.content_settings.exceptions.site_engagement, new_value=[object], source=unknown"}
{"logTime": "1006/172628", "level": "INFO", "message": "Preference changed: name=profile.last_engagement_time, new_value=\"13435781188998419\", source=unknown"}
{"logTime": "1006/172638", "level": "INFO", "message": "Preference changed: name=profile.content_settings.exceptions.site_engagement, new_value=[object], source=unknown"}
{"logTime": "1006/172639", "level": "INFO", "message": "Preference changed: name=profile.last_engagement_time, new_value=\"13435781198999863\", source=unknown"}
{"logTime": "1006/172646", "level": "INFO", "message": "Preference changed: name=profile.observed_session_time, new_value=[object], source=unknown"}
{"logTime": "1006/172649", "level": "INFO", "message": "Preference changed: name=profile.content_settings.exceptions.site_engagement, new_value=[object], source=unknown"}
{"logTime": "1006/172649", "level": "INFO", "message": "Preference changed: name=profile.last_engagement_time, new_value=\"13435781209007997\", source=unknown"}
{"logTime": "1006/172654", "level": "INFO", "message": "Preference changed: name=profile.content_settings.exceptions.site_engagement, new_value=[object], source=unknown"}
{"logTime": "1006/172654", "level": "INFO", "message": "Preference changed: name=profile.last_engagement_time, new_value=\"13435781214273589\", source=unknown"}
{"logTime": "1006/172656", "level": "INFO", "message": "PrefStore write completed: store=4, success=true"}
{"logTime": "1006/172701", "level": "INFO", "message": "Preference changed: name=profile.observed_session_time, new_value=[object], source=unknown"}
{"logTime": "1006/172707", "level": "INFO", "message": "Preference changed: name=profile.content_settings.exceptions.site_engagement, new_value=[object], source=unknown"}
{"logTime": "1006/172707", "level": "INFO", "message": "Preference changed: name=profile.last_engagement_time, new_value=\"13435781227808249\", source=unknown"}
{"logTime": "1006/172709", "level": "INFO", "message": "Preference changed: name=profile.content_settings.exceptions.site_engagement, new_value=[object], source=unknown"}
{"logTime": "1006/172709", "level": "INFO", "message": "Preference changed: name=profile.last_engagement_time, new_value=\"13435781229024873\", source=unknown"}
{"logTime": "1006/172711", "level": "INFO", "message": "PrefStore write completed: store=4, success=true"}
{"logTime": "1006/172719", "level": "INFO", "message": "Preference changed: name=profile.content_settings.exceptions.site_engagement, new_value=[object], source=unknown"}
{"logTime": "1006/172719", "level": "INFO", "message": "Preference changed: name=profile.last_engagement_time, new_value=\"13435781239033590\", source=unknown"}
{"logTime": "1006/172729", "level": "INFO", "message": "Preference changed: name=profile.content_settings.exceptions.site_engagement, new_value=[object], source=unknown"}
{"logTime": "1006/172729", "level": "INFO", "message": "Preference changed: name=profile.last_engagement_time, new_value=\"13435781249041472\", source=unknown"}
{"logTime": "1006/172739", "level": "INFO", "message": "Preference changed: name=profile.content_settings.exceptions.site_engagement, new_value=[object], source=unknown"}
{"logTime": "1006/172739", "level": "INFO", "message": "Preference changed: name=profile.last_engagement_time, new_value=\"13435781259045245\", source=unknown"}
{"logTime": "1006/172749", "level": "INFO", "message": "Preference changed: name=profile.content_settings.exceptions.site_engagement, new_value=[object], source=unknown"}
{"logTime": "1006/172749", "level": "INFO", "message": "Preference changed: name=profile.last_engagement_time, new_value=\"13435781269055307\", source=unknown"}
{"logTime": "1006/172759", "level": "INFO", "message": "Preference changed: name=profile.content_settings.exceptions.site_engagement, new_value=[object], source=unknown"}
{"logTime": "1006/172759", "level": "INFO", "message": "Preference changed: name=profile.last_engagement_time, new_value=\"13435781279067219\", source=unknown"}
{"logTime": "1006/172809", "level": "INFO", "message": "Preference changed: name=profile.content_settings.exceptions.site_engagement, new_value=[object], source=unknown"}
{"logTime": "1006/172809", "level": "INFO", "message": "Preference changed: name=profile.last_engagement_time, new_value=\"13435781289073062\", source=unknown"}
{"logTime": "1006/172819", "level": "INFO", "message": "Preference changed: name=profile.content_settings.exceptions.site_engagement, new_value=[object], source=unknown"}
{"logTime": "1006/172819", "level": "INFO", "message": "Preference changed: name=profile.last_engagement_time, new_value=\"13435781299086806\", source=unknown"}
{"logTime": "1006/172829", "level": "INFO", "message": "Preference changed: name=profile.content_settings.exceptions.site_engagement, new_value=[object], source=unknown"}
{"logTime": "1006/172829", "level": "INFO", "message": "Preference changed: name=profile.last_engagement_time, new_value=\"13435781309089353\", source=unknown"}
{"logTime": "1006/172839", "level": "INFO", "message": "Preference changed: name=profile.content_settings.exceptions.site_engagement, new_value=[object], source=unknown"}
{"logTime": "1006/172839", "level": "INFO", "message": "Preference changed: name=profile.last_engagement_time, new_value=\"13435781319093533\", source=unknown"}
{"logTime": "1006/172944", "level": "INFO", "message": "UserPrefStore loaded: error=NONE (0)"}
{"logTime": "1006/172944", "level": "INFO", "message": "Preference changed: name=optimization_guide.previously_registered_optimization_types, new_value=[object], source=unknown"}
{"logTime": "1006/172944", "level": "INFO", "message": "Preference changed: name=extensions.chrome_url_overrides, new_value=[object], source=unknown"}
{"logTime": "1006/172944", "level": "INFO", "message": "Preference changed: name=sessions.event_log, new_value=[object], source=unknown"}
{"logTime": "1006/172944", "level": "INFO", "message": "Preference changed: name=optimization_guide.previously_registered_optimization_types, new_value=[object], source=unknown"}
{"logTime": "1006/172944", "level": "INFO", "message": "Preference changed: name=optimization_guide.previously_registered_optimization_types, new_value=[object], source=unknown"}
{"logTime": "1006/172944", "level": "INFO", "message": "Preference changed: name=optimization_guide.previously_registered_optimization_types, new_value=[object], source=unknown"}
{"logTime": "1006/172944", "level": "INFO", "message": "Preference changed: name=optimization_guide.previously_registered_optimization_types, new_value=[object], source=unknown"}
{"logTime": "1006/172944", "level": "INFO", "message": "Preference changed: name=optimization_guide.previously_registered_optimization_types, new_value=[object], source=unknown"}
{"logTime": "1006/172944", "level": "INFO", "message": "Preference changed: name=profile.network_pbs, new_value=[object], source=unknown"}
{"logTime": "1006/172944", "level": "INFO", "message": "Preference changed: name=profile.password_hash_data_list, new_value=[object], source=unknown"}
{"logTime": "1006/172944", "level": "INFO", "message": "Preference changed: name=schedule_to_flush_to_disk, new_value=\"13435781384523239\", source=unknown"}
{"logTime": "1006/172944", "level": "INFO", "message": "Preference changed: name=schedule_to_flush_to_disk, new_value=\"13435781384523871\", source=unknown"}
{"logTime": "1006/172944", "level": "INFO", "message": "Preference changed: name=edge.services.signin_scoped_device_id, new_value=\"e93361e8-398e-44a9-b519-4278e601839b\", source=unknown"}
{"logTime": "1006/172944", "level": "INFO", "message": "Preference changed: name=optimization_guide.previously_registered_optimization_types, new_value=[object], source=unknown"}
{"logTime": "1006/172944", "level": "INFO", "message": "Preference changed: name=extensions.chrome_url_overrides, new_value=[object], source=unknown"}
{"logTime": "1006/172944", "level": "INFO", "message": "Preference changed: name=autofill.credit_card_enabled, new_value=false, source=unknown"}
{"logTime": "1006/172944", "level": "INFO", "message": "Preference changed: name=autofill.profile_enabled, new_value=true, source=unknown"}
{"logTime": "1006/172944", "level": "INFO", "message": "Preference changed: name=enable_edge_collections, new_value=false, source=unknown"}
{"logTime": "1006/172944", "level": "INFO", "message": "Preference changed: name=resolve_navigation_errors_use_web_service.enabled, new_value=false, source=unknown"}
{"logTime": "1006/172944", "level": "INFO", "message": "Preference changed: name=alternate_error_pages.enabled, new_value=false, source=unknown"}
{"logTime": "1006/172944", "level": "INFO", "message": "Preference changed: name=optimization_guide.previously_registered_optimization_types, new_value=[object], source=unknown"}
{"logTime": "1006/172944", "level": "INFO", "message": "Preference changed: name=in_product_help.session_start_time, new_value=\"13435781384572431\", source=unknown"}
{"logTime": "1006/172944", "level": "INFO", "message": "Preference changed: name=in_product_help.session_number, new_value=8, source=unknown"}
{"logTime": "1006/172944", "level": "INFO", "message": "Preference changed: name=in_product_help.session_last_active_time, new_value=\"13435781384572431\", source=unknown"}
{"logTime": "1006/172944", "level": "INFO", "message": "Preference changed: name=in_product_help.recent_session_start_times, new_value=[object], source=unknown"}
{"logTime": "1006/172944", "level": "INFO", "message": "Preference changed: name=optimization_guide.previously_registered_optimization_types, new_value=[object], source=unknown"}
{"logTime": "1006/172944", "level": "INFO", "message": "Preference changed: name=profile.content_settings.exceptions.storage_access_header_origin_trial, new_value=[object], source=unknown"}
{"logTime": "1006/172944", "level": "INFO", "message": "Preference changed: name=autofill.profile_enabled, new_value=false, source=unknown"}
{"logTime": "1006/172944", "level": "INFO", "message": "Preference changed: name=edge_rewards.coachmark_promotions, new_value=[object], source=unknown"}
{"logTime": "1006/172944", "level": "INFO", "message": "Preference changed: name=edge_rewards.hva_promotions, new_value=[object], source=unknown"}
{"logTime": "1006/172944", "level": "INFO", "message": "Preference changed: name=profile.content_settings.exceptions.site_engagement, new_value=[object], source=unknown"}
{"logTime": "1006/172944", "level": "INFO", "message": "Preference changed: name=profile.last_engagement_time, new_value=\"13435781384731735\", source=unknown"}
{"logTime": "1006/172945", "level": "INFO", "message": "Preference changed: name=profile.content_settings.exceptions.trackers_data, new_value=[object], source=unknown"}
{"logTime": "1006/172954", "level": "INFO", "message": "PrefStore write completed: store=4, success=true"}
{"logTime": "1006/172954", "level": "INFO", "message": "PrefStore write completed: store=4, success=true"}
{"logTime": "1006/173034", "level": "INFO", "message": "Preference changed: name=profile.content_settings.exceptions.site_engagement, new_value=[object], source=unknown"}
{"logTime": "1006/173034", "level": "INFO", "message": "Preference changed: name=profile.last_engagement_time, new_value=\"13435781434089975\", source=unknown"}
{"logTime": "1006/173045", "level": "INFO", "message": "Preference changed: name=profile.content_settings.exceptions.site_engagement, new_value=[object], source=unknown"}
{"logTime": "1006/173045", "level": "INFO", "message": "Preference changed: name=profile.last_engagement_time, new_value=\"13435781445234653\", source=unknown"}
{"logTime": "1006/173055", "level": "INFO", "message": "Preference changed: name=profile.content_settings.exceptions.site_engagement, new_value=[object], source=unknown"}
{"logTime": "1006/173055", "level": "INFO", "message": "Preference changed: name=profile.last_engagement_time, new_value=\"13435781455239996\", source=unknown"}
{"logTime": "1006/173105", "level": "INFO", "message": "Preference changed: name=profile.content_settings.exceptions.site_engagement, new_value=[object], source=unknown"}
{"logTime": "1006/173105", "level": "INFO", "message": "Preference changed: name=profile.last_engagement_time, new_value=\"13435781465254158\", source=unknown"}
{"logTime": "1006/173115", "level": "INFO", "message": "Preference changed: name=profile.content_settings.exceptions.site_engagement, new_value=[object], source=unknown"}
{"logTime": "1006/173115", "level": "INFO", "message": "Preference changed: name=profile.last_engagement_time, new_value=\"13435781475262735\", source=unknown"}
{"logTime": "1006/173125", "level": "INFO", "message": "Preference changed: name=profile.content_settings.exceptions.site_engagement, new_value=[object], source=unknown"}
{"logTime": "1006/173125", "level": "INFO", "message": "Preference changed: name=profile.last_engagement_time, new_value=\"13435781485265850\", source=unknown"}
{"logTime": "1006/173135", "level": "INFO", "message": "Preference changed: name=profile.content_settings.exceptions.site_engagement, new_value=[object], source=unknown"}
{"logTime": "1006/173135", "level": "INFO", "message": "Preference changed: name=profile.last_engagement_time, new_value=\"13435781495274606\", source=unknown"}
{"logTime": "1006/173145", "level": "INFO", "message": "Preference changed: name=profile.content_settings.exceptions.site_engagement, new_value=[object], source=unknown"}
{"logTime": "1006/173145", "level": "INFO", "message": "Preference changed: name=profile.last_engagement_time, new_value=\"13435781505281948\", source=unknown"}
{"logTime": "1006/173155", "level": "INFO", "message": "Preference changed: name=profile.content_settings.exceptions.site_engagement, new_value=[object], source=unknown"}
{"logTime": "1006/173155", "level": "INFO", "message": "Preference changed: name=profile.last_engagement_time, new_value=\"13435781515283168\", source=unknown"}
{"logTime": "1006/173205", "level": "INFO", "message": "Preference changed: name=profile.content_settings.exceptions.site_engagement, new_value=[object], source=unknown"}
{"logTime": "1006/173205", "level": "INFO", "message": "Preference changed: name=profile.last_engagement_time, new_value=\"13435781525296675\", source=unknown"}
{"logTime": "1006/173215", "level": "INFO", "message": "Preference changed: name=profile.content_settings.exceptions.site_engagement, new_value=[object], source=unknown"}
{"logTime": "1006/173215", "level": "INFO", "message": "Preference changed: name=profile.last_engagement_time, new_value=\"13435781535298670\", source=unknown"}
{"logTime": "1006/173225", "level": "INFO", "message": "Preference changed: name=profile.content_settings.exceptions.site_engagement, new_value=[object], source=unknown"}
{"logTime": "1006/173225", "level": "INFO", "message": "Preference changed: name=profile.last_engagement_time, new_value=\"13435781545304298\", source=unknown"}
{"logTime": "1006/173235", "level": "INFO", "message": "Preference changed: name=profile.content_settings.exceptions.site_engagement, new_value=[object], source=unknown"}
{"logTime": "1006/173235", "level": "INFO", "message": "Preference changed: name=profile.last_engagement_time, new_value=\"13435781555308512\", source=unknown"}
{"logTime": "1006/173245", "level": "INFO", "message": "Preference changed: name=profile.content_settings.exceptions.site_engagement, new_value=[object], source=unknown"}
{"logTime": "1006/173245", "level": "INFO", "message": "Preference changed: name=profile.last_engagement_time, new_value=\"13435781565319955\", source=unknown"}
{"logTime": "1006/173255", "level": "INFO", "message": "Preference changed: name=profile.content_settings.exceptions.site_engagement, new_value=[object], source=unknown"}
{"logTime": "1006/173255", "level": "INFO", "message": "Preference changed: name=profile.last_engagement_time, new_value=\"13435781575325660\", source=unknown"}
{"logTime": "1006/173305", "level": "INFO", "message": "Preference changed: name=profile.content_settings.exceptions.site_engagement, new_value=[object], source=unknown"}
{"logTime": "1006/173305", "level": "INFO", "message": "Preference changed: name=profile.last_engagement_time, new_value=\"13435781585335348\", source=unknown"}
{"logTime": "1006/173315", "level": "INFO", "message": "Preference changed: name=profile.content_settings.exceptions.site_engagement, new_value=[object], source=unknown"}
{"logTime": "1006/173315", "level": "INFO", "message": "Preference changed: name=profile.last_engagement_time, new_value=\"13435781595339514\", source=unknown"}
{"logTime": "1006/173325", "level": "INFO", "message": "Preference changed: name=profile.content_settings.exceptions.site_engagement, new_value=[object], source=unknown"}
{"logTime": "1006/173325", "level": "INFO", "message": "Preference changed: name=profile.last_engagement_time, new_value=\"13435781605347231\", source=unknown"}
{"logTime": "1006/173335", "level": "INFO", "message": "Preference changed: name=profile.content_settings.exceptions.site_engagement, new_value=[object], source=unknown"}
{"logTime": "1006/173335", "level": "INFO", "message": "Preference changed: name=profile.last_engagement_time, new_value=\"13435781615357446\", source=unknown"}
{"logTime": "1006/173345", "level": "INFO", "message": "Preference changed: name=profile.content_settings.exceptions.site_engagement, new_value=[object], source=unknown"}
{"logTime": "1006/173345", "level": "INFO", "message": "Preference changed: name=profile.last_engagement_time, new_value=\"13435781625363778\", source=unknown"}
{"logTime": "1006/173355", "level": "INFO", "message": "Preference changed: name=profile.content_settings.exceptions.site_engagement, new_value=[object], source=unknown"}
{"logTime": "1006/173355", "level": "INFO", "message": "Preference changed: name=profile.last_engagement_time, new_value=\"13435781635364294\", source=unknown"}
{"logTime": "1006/173405", "level": "INFO", "message": "Preference changed: name=profile.content_settings.exceptions.site_engagement, new_value=[object], source=unknown"}
{"logTime": "1006/173405", "level": "INFO", "message": "Preference changed: name=profile.last_engagement_time, new_value=\"13435781645364639\", source=unknown"}
{"logTime": "1006/173415", "level": "INFO", "message": "Preference changed: name=profile.content_settings.exceptions.site_engagement, new_value=[object], source=unknown"}
{"logTime": "1006/173415", "level": "INFO", "message": "Preference changed: name=profile.last_engagement_time, new_value=\"13435781655372591\", source=unknown"}
{"logTime": "1006/173425", "level": "INFO", "message": "Preference changed: name=profile.content_settings.exceptions.site_engagement, new_value=[object], source=unknown"}
{"logTime": "1006/173425", "level": "INFO", "message": "Preference changed: name=profile.last_engagement_time, new_value=\"13435781665387144\", source=unknown"}
{"logTime": "1006/173435", "level": "INFO", "message": "Preference changed: name=profile.content_settings.exceptions.site_engagement, new_value=[object], source=unknown"}
{"logTime": "1006/173435", "level": "INFO", "message": "Preference changed: name=profile.last_engagement_time, new_value=\"13435781675398676\", source=unknown"}
{"logTime": "1006/173445", "level": "INFO", "message": "Preference changed: name=profile.content_settings.exceptions.site_engagement, new_value=[object], source=unknown"}
{"logTime": "1006/173445", "level": "INFO", "message": "Preference changed: name=profile.last_engagement_time, new_value=\"13435781685414720\", source=unknown"}
{"logTime": "1006/173455", "level": "INFO", "message": "Preference changed: name=profile.content_settings.exceptions.site_engagement, new_value=[object], source=unknown"}
{"logTime": "1006/173455", "level": "INFO", "message": "Preference changed: name=profile.last_engagement_time, new_value=\"13435781695423541\", source=unknown"}
{"logTime": "1006/173505", "level": "INFO", "message": "Preference changed: name=profile.content_settings.exceptions.site_engagement, new_value=[object], source=unknown"}
{"logTime": "1006/173505", "level": "INFO", "message": "Preference changed: name=profile.last_engagement_time, new_value=\"13435781705430278\", source=unknown"}
{"logTime": "1006/173515", "level": "INFO", "message": "Preference changed: name=profile.content_settings.exceptions.site_engagement, new_value=[object], source=unknown"}
{"logTime": "1006/173515", "level": "INFO", "message": "Preference changed: name=profile.last_engagement_time, new_value=\"13435781715434506\", source=unknown"}
{"logTime": "1006/173525", "level": "INFO", "message": "Preference changed: name=profile.content_settings.exceptions.site_engagement, new_value=[object], source=unknown"}
{"logTime": "1006/173525", "level": "INFO", "message": "Preference changed: name=profile.last_engagement_time, new_value=\"13435781725448370\", source=unknown"}
{"logTime": "1006/173535", "level": "INFO", "message": "Preference changed: name=profile.content_settings.exceptions.site_engagement, new_value=[object], source=unknown"}
{"logTime": "1006/173535", "level": "INFO", "message": "Preference changed: name=profile.last_engagement_time, new_value=\"13435781735450600\", source=unknown"}
{"logTime": "1006/173539", "level": "INFO", "message": "Preference changed: name=profile.observed_session_time, new_value=[object], source=unknown"}
{"logTime": "1006/173545", "level": "INFO", "message": "Preference changed: name=profile.content_settings.exceptions.site_engagement, new_value=[object], source=unknown"}
{"logTime": "1006/173545", "level": "INFO", "message": "Preference changed: name=profile.last_engagement_time, new_value=\"13435781745457129\", source=unknown"}
{"logTime": "1006/173549", "level": "INFO", "message": "PrefStore write completed: store=4, success=true"}
{"logTime": "1006/173555", "level": "INFO", "message": "Preference changed: name=profile.content_settings.exceptions.site_engagement, new_value=[object], source=unknown"}
{"logTime": "1006/173555", "level": "INFO", "message": "Preference changed: name=profile.last_engagement_time, new_value=\"13435781755461440\", source=unknown"}
{"logTime": "1006/173605", "level": "INFO", "message": "Preference changed: name=profile.content_settings.exceptions.site_engagement, new_value=[object], source=unknown"}
{"logTime": "1006/173605", "level": "INFO", "message": "Preference changed: name=profile.last_engagement_time, new_value=\"13435781765472383\", source=unknown"}
{"logTime": "1006/173615", "level": "INFO", "message": "Preference changed: name=profile.content_settings.exceptions.site_engagement, new_value=[object], source=unknown"}
{"logTime": "1006/173615", "level": "INFO", "message": "Preference changed: name=profile.last_engagement_time, new_value=\"13435781775477702\", source=unknown"}
{"logTime": "1006/173625", "level": "INFO", "message": "Preference changed: name=profile.content_settings.exceptions.site_engagement, new_value=[object], source=unknown"}
{"logTime": "1006/173625", "level": "INFO", "message": "Preference changed: name=profile.last_engagement_time, new_value=\"13435781785483582\", source=unknown"}
{"logTime": "1006/173635", "level": "INFO", "message": "Preference changed: name=profile.content_settings.exceptions.site_engagement, new_value=[object], source=unknown"}
{"logTime": "1006/173635", "level": "INFO", "message": "Preference changed: name=profile.last_engagement_time, new_value=\"13435781795491959\", source=unknown"}
{"logTime": "1006/173645", "level": "INFO", "message": "Preference changed: name=profile.content_settings.exceptions.site_engagement, new_value=[object], source=unknown"}
{"logTime": "1006/173645", "level": "INFO", "message": "Preference changed: name=profile.last_engagement_time, new_value=\"13435781805500412\", source=unknown"}
{"logTime": "1006/173655", "level": "INFO", "message": "Preference changed: name=profile.content_settings.exceptions.site_engagement, new_value=[object], source=unknown"}
{"logTime": "1006/173655", "level": "INFO", "message": "Preference changed: name=profile.last_engagement_time, new_value=\"13435781815512073\", source=unknown"}
{"logTime": "1006/173705", "level": "INFO", "message": "Preference changed: name=profile.content_settings.exceptions.site_engagement, new_value=[object], source=unknown"}
{"logTime": "1006/173705", "level": "INFO", "message": "Preference changed: name=profile.last_engagement_time, new_value=\"13435781825516000\", source=unknown"}
{"logTime": "1006/173715", "level": "INFO", "message": "Preference changed: name=profile.content_settings.exceptions.site_engagement, new_value=[object], source=unknown"}
{"logTime": "1006/173715", "level": "INFO", "message": "Preference changed: name=profile.last_engagement_time, new_value=\"13435781835519979\", source=unknown"}
{"logTime": "1006/173725", "level": "INFO", "message": "Preference changed: name=profile.content_settings.exceptions.site_engagement, new_value=[object], source=unknown"}
{"logTime": "1006/173725", "level": "INFO", "message": "Preference changed: name=profile.last_engagement_time, new_value=\"13435781845522449\", source=unknown"}
{"logTime": "1006/173735", "level": "INFO", "message": "Preference changed: name=profile.content_settings.exceptions.site_engagement, new_value=[object], source=unknown"}
{"logTime": "1006/173735", "level": "INFO", "message": "Preference changed: name=profile.last_engagement_time, new_value=\"13435781855529475\", source=unknown"}
{"logTime": "1006/173745", "level": "INFO", "message": "Preference changed: name=profile.content_settings.exceptions.site_engagement, new_value=[object], source=unknown"}
{"logTime": "1006/173745", "level": "INFO", "message": "Preference changed: name=profile.last_engagement_time, new_value=\"13435781865533119\", source=unknown"}
{"logTime": "1006/173755", "level": "INFO", "message": "Preference changed: name=profile.content_settings.exceptions.site_engagement, new_value=[object], source=unknown"}
{"logTime": "1006/173755", "level": "INFO", "message": "Preference changed: name=profile.last_engagement_time, new_value=\"13435781875537254\", source=unknown"}
{"logTime": "1006/173805", "level": "INFO", "message": "Preference changed: name=profile.content_settings.exceptions.site_engagement, new_value=[object], source=unknown"}
{"logTime": "1006/173805", "level": "INFO", "message": "Preference changed: name=profile.last_engagement_time, new_value=\"13435781885539503\", source=unknown"}
{"logTime": "1006/173815", "level": "INFO", "message": "Preference changed: name=profile.content_settings.exceptions.site_engagement, new_value=[object], source=unknown"}
{"logTime": "1006/173815", "level": "INFO", "message": "Preference changed: name=profile.last_engagement_time, new_value=\"13435781895550475\", source=unknown"}
{"logTime": "1006/173825", "level": "INFO", "message": "Preference changed: name=profile.content_settings.exceptions.site_engagement, new_value=[object], source=unknown"}
{"logTime": "1006/173825", "level": "INFO", "message": "Preference changed: name=profile.last_engagement_time, new_value=\"13435781905561753\", source=unknown"}
{"logTime": "1006/173835", "level": "INFO", "message": "Preference changed: name=profile.content_settings.exceptions.site_engagement, new_value=[object], source=unknown"}
{"logTime": "1006/173835", "level": "INFO", "message": "Preference changed: name=profile.last_engagement_time, new_value=\"13435781915563998\", source=unknown"}
{"logTime": "1006/173845", "level": "INFO", "message": "Preference changed: name=profile.content_settings.exceptions.site_engagement, new_value=[object], source=unknown"}
{"logTime": "1006/173845", "level": "INFO", "message": "Preference changed: name=profile.last_engagement_time, new_value=\"13435781925568375\", source=unknown"}
{"logTime": "1006/173855", "level": "INFO", "message": "Preference changed: name=profile.content_settings.exceptions.site_engagement, new_value=[object], source=unknown"}
{"logTime": "1006/173855", "level": "INFO", "message": "Preference changed: name=profile.last_engagement_time, new_value=\"13435781935579382\", source=unknown"}
{"logTime": "1006/173905", "level": "INFO", "message": "Preference changed: name=profile.content_settings.exceptions.site_engagement, new_value=[object], source=unknown"}
{"logTime": "1006/173905", "level": "INFO", "message": "Preference changed: name=profile.last_engagement_time, new_value=\"13435781945591906\", source=unknown"}
{"logTime": "1006/173915", "level": "INFO", "message": "Preference changed: name=profile.content_settings.exceptions.site_engagement, new_value=[object], source=unknown"}
{"logTime": "1006/173915", "level": "INFO", "message": "Preference changed: name=profile.last_engagement_time, new_value=\"13435781955592523\", source=unknown"}
{"logTime": "1006/173925", "level": "INFO", "message": "Preference changed: name=profile.content_settings.exceptions.site_engagement, new_value=[object], source=unknown"}
{"logTime": "1006/173925", "level": "INFO", "message": "Preference changed: name=profile.last_engagement_time, new_value=\"13435781965601620\", source=unknown"}
{"logTime": "1006/173935", "level": "INFO", "message": "Preference changed: name=profile.content_settings.exceptions.site_engagement, new_value=[object], source=unknown"}
{"logTime": "1006/173935", "level": "INFO", "message": "Preference changed: name=profile.last_engagement_time, new_value=\"13435781975609622\", source=unknown"}
{"logTime": "1006/173945", "level": "INFO", "message": "Preference changed: name=profile.content_settings.exceptions.site_engagement, new_value=[object], source=unknown"}
{"logTime": "1006/173945", "level": "INFO", "message": "Preference changed: name=profile.last_engagement_time, new_value=\"13435781985621530\", source=unknown"}
{"logTime": "1006/173955", "level": "INFO", "message": "Preference changed: name=profile.content_settings.exceptions.site_engagement, new_value=[object], source=unknown"}
{"logTime": "1006/173955", "level": "INFO", "message": "Preference changed: name=profile.last_engagement_time, new_value=\"13435781995628082\", source=unknown"}
{"logTime": "1006/174005", "level": "INFO", "message": "Preference changed: name=profile.content_settings.exceptions.site_engagement, new_value=[object], source=unknown"}
{"logTime": "1006/174005", "level": "INFO", "message": "Preference changed: name=profile.last_engagement_time, new_value=\"13435782005635212\", source=unknown"}
{"logTime": "1006/174015", "level": "INFO", "message": "Preference changed: name=profile.content_settings.exceptions.site_engagement, new_value=[object], source=unknown"}
{"logTime": "1006/174015", "level": "INFO", "message": "Preference changed: name=profile.last_engagement_time, new_value=\"13435782015641584\", source=unknown"}
{"logTime": "1006/174025", "level": "INFO", "message": "Preference changed: name=profile.content_settings.exceptions.site_engagement, new_value=[object], source=unknown"}
{"logTime": "1006/174025", "level": "INFO", "message": "Preference changed: name=profile.last_engagement_time, new_value=\"13435782025651688\", source=unknown"}
{"logTime": "1006/174035", "level": "INFO", "message": "Preference changed: name=profile.content_settings.exceptions.site_engagement, new_value=[object], source=unknown"}
{"logTime": "1006/174035", "level": "INFO", "message": "Preference changed: name=profile.last_engagement_time, new_value=\"13435782035664193\", source=unknown"}
{"logTime": "1006/174045", "level": "INFO", "message": "Preference changed: name=profile.content_settings.exceptions.site_engagement, new_value=[object], source=unknown"}
{"logTime": "1006/174045", "level": "INFO", "message": "Preference changed: name=profile.last_engagement_time, new_value=\"13435782045668165\", source=unknown"}
{"logTime": "1006/174055", "level": "INFO", "message": "Preference changed: name=profile.content_settings.exceptions.site_engagement, new_value=[object], source=unknown"}
{"logTime": "1006/174055", "level": "INFO", "message": "Preference changed: name=profile.last_engagement_time, new_value=\"13435782055684334\", source=unknown"}
{"logTime": "1006/174105", "level": "INFO", "message": "Preference changed: name=profile.content_settings.exceptions.site_engagement, new_value=[object], source=unknown"}
{"logTime": "1006/174105", "level": "INFO", "message": "Preference changed: name=profile.last_engagement_time, new_value=\"13435782065695215\", source=unknown"}
{"logTime": "1006/174115", "level": "INFO", "message": "Preference changed: name=profile.content_settings.exceptions.site_engagement, new_value=[object], source=unknown"}
{"logTime": "1006/174115", "level": "INFO", "message": "Preference changed: name=profile.last_engagement_time, new_value=\"13435782075710237\", source=unknown"}
{"logTime": "1006/174125", "level": "INFO", "message": "Preference changed: name=profile.content_settings.exceptions.site_engagement, new_value=[object], source=unknown"}
{"logTime": "1006/174125", "level": "INFO", "message": "Preference changed: name=profile.last_engagement_time, new_value=\"13435782085716196\", source=unknown"}
{"logTime": "1006/174135", "level": "INFO", "message": "Preference changed: name=profile.content_settings.exceptions.site_engagement, new_value=[object], source=unknown"}
{"logTime": "1006/174135", "level": "INFO", "message": "Preference changed: name=profile.last_engagement_time, new_value=\"13435782095726904\", source=unknown"}
{"logTime": "1006/174145", "level": "INFO", "message": "Preference changed: name=profile.content_settings.exceptions.site_engagement, new_value=[object], source=unknown"}
{"logTime": "1006/174145", "level": "INFO", "message": "Preference changed: name=profile.last_engagement_time, new_value=\"13435782105732783\", source=unknown"}
{"logTime": "1006/174155", "level": "INFO", "message": "Preference changed: name=profile.content_settings.exceptions.site_engagement, new_value=[object], source=unknown"}
{"logTime": "1006/174155", "level": "INFO", "message": "Preference changed: name=profile.last_engagement_time, new_value=\"13435782115735641\", source=unknown"}
{"logTime": "1006/174205", "level": "INFO", "message": "Preference changed: name=profile.content_settings.exceptions.site_engagement, new_value=[object], source=unknown"}
{"logTime": "1006/174205", "level": "INFO", "message": "Preference changed: name=profile.last_engagement_time, new_value=\"13435782125739348\", source=unknown"}
{"logTime": "1006/174215", "level": "INFO", "message": "Preference changed: name=profile.content_settings.exceptions.site_engagement, new_value=[object], source=unknown"}
{"logTime": "1006/174215", "level": "INFO", "message": "Preference changed: name=profile.last_engagement_time, new_value=\"13435782135752595\", source=unknown"}
{"logTime": "1006/174225", "level": "INFO", "message": "Preference changed: name=profile.content_settings.exceptions.site_engagement, new_value=[object], source=unknown"}
{"logTime": "1006/174225", "level": "INFO", "message": "Preference changed: name=profile.last_engagement_time, new_value=\"13435782145767469\", source=unknown"}
{"logTime": "1006/174235", "level": "INFO", "message": "Preference changed: name=profile.content_settings.exceptions.site_engagement, new_value=[object], source=unknown"}
{"logTime": "1006/174235", "level": "INFO", "message": "Preference changed: name=profile.last_engagement_time, new_value=\"13435782155770444\", source=unknown"}
{"logTime": "1006/174238", "level": "INFO", "message": "Preference changed: name=profile.observed_session_time, new_value=[object], source=unknown"}
{"logTime": "1006/174245", "level": "INFO", "message": "Preference changed: name=profile.content_settings.exceptions.site_engagement, new_value=[object], source=unknown"}
{"logTime": "1006/174245", "level": "INFO", "message": "Preference changed: name=profile.last_engagement_time, new_value=\"13435782165784307\", source=unknown"}
{"logTime": "1006/174248", "level": "INFO", "message": "PrefStore write completed: store=4, success=true"}
{"logTime": "1006/174255", "level": "INFO", "message": "Preference changed: name=profile.content_settings.exceptions.site_engagement, new_value=[object], source=unknown"}
{"logTime": "1006/174255", "level": "INFO", "message": "Preference changed: name=profile.last_engagement_time, new_value=\"13435782175798534\", source=unknown"}
{"logTime": "1006/174305", "level": "INFO", "message": "Preference changed: name=profile.content_settings.exceptions.site_engagement, new_value=[object], source=unknown"}
{"logTime": "1006/174305", "level": "INFO", "message": "Preference changed: name=profile.last_engagement_time, new_value=\"13435782185806939\", source=unknown"}
{"logTime": "1006/174315", "level": "INFO", "message": "Preference changed: name=profile.content_settings.exceptions.site_engagement, new_value=[object], source=unknown"}
{"logTime": "1006/174315", "level": "INFO", "message": "Preference changed: name=profile.last_engagement_time, new_value=\"13435782195821271\", source=unknown"}
{"logTime": "1006/174325", "level": "INFO", "message": "Preference changed: name=profile.content_settings.exceptions.site_engagement, new_value=[object], source=unknown"}
{"logTime": "1006/174325", "level": "INFO", "message": "Preference changed: name=profile.last_engagement_time, new_value=\"13435782205831092\", source=unknown"}
{"logTime": "1006/174335", "level": "INFO", "message": "Preference changed: name=profile.content_settings.exceptions.site_engagement, new_value=[object], source=unknown"}
{"logTime": "1006/174335", "level": "INFO", "message": "Preference changed: name=profile.last_engagement_time, new_value=\"13435782215846307\", source=unknown"}
{"logTime": "1006/174345", "level": "INFO", "message": "Preference changed: name=profile.content_settings.exceptions.site_engagement, new_value=[object], source=unknown"}
{"logTime": "1006/174345", "level": "INFO", "message": "Preference changed: name=profile.last_engagement_time, new_value=\"13435782225848885\", source=unknown"}
{"logTime": "1006/174355", "level": "INFO", "message": "Preference changed: name=profile.content_settings.exceptions.site_engagement, new_value=[object], source=unknown"}
{"logTime": "1006/174355", "level": "INFO", "message": "Preference changed: name=profile.last_engagement_time, new_value=\"13435782235856282\", source=unknown"}
{"logTime": "1006/174405", "level": "INFO", "message": "Preference changed: name=profile.content_settings.exceptions.site_engagement, new_value=[object], source=unknown"}
{"logTime": "1006/174405", "level": "INFO", "message": "Preference changed: name=profile.last_engagement_time, new_value=\"13435782245865697\", source=unknown"}
{"logTime": "1006/174415", "level": "INFO", "message": "Preference changed: name=profile.content_settings.exceptions.site_engagement, new_value=[object], source=unknown"}
{"logTime": "1006/174415", "level": "INFO", "message": "Preference changed: name=profile.last_engagement_time, new_value=\"13435782255872872\", source=unknown"}
{"logTime": "1006/174425", "level": "INFO", "message": "Preference changed: name=profile.content_settings.exceptions.site_engagement, new_value=[object], source=unknown"}
{"logTime": "1006/174425", "level": "INFO", "message": "Preference changed: name=profile.last_engagement_time, new_value=\"13435782265885440\", source=unknown"}
{"logTime": "1006/174435", "level": "INFO", "message": "Preference changed: name=profile.content_settings.exceptions.site_engagement, new_value=[object], source=unknown"}
{"logTime": "1006/174435", "level": "INFO", "message": "Preference changed: name=profile.last_engagement_time, new_value=\"13435782275887475\", source=unknown"}
{"logTime": "1006/174445", "level": "INFO", "message": "Preference changed: name=profile.content_settings.exceptions.site_engagement, new_value=[object], source=unknown"}
{"logTime": "1006/174445", "level": "INFO", "message": "Preference changed: name=profile.last_engagement_time, new_value=\"13435782285900810\", source=unknown"}
{"logTime": "1006/174455", "level": "INFO", "message": "Preference changed: name=profile.content_settings.exceptions.site_engagement, new_value=[object], source=unknown"}
{"logTime": "1006/174455", "level": "INFO", "message": "Preference changed: name=profile.last_engagement_time, new_value=\"13435782295909218\", source=unknown"}
{"logTime": "1006/174505", "level": "INFO", "message": "Preference changed: name=profile.content_settings.exceptions.site_engagement, new_value=[object], source=unknown"}
{"logTime": "1006/174505", "level": "INFO", "message": "Preference changed: name=profile.last_engagement_time, new_value=\"13435782305924412\", source=unknown"}
{"logTime": "1006/174515", "level": "INFO", "message": "Preference changed: name=profile.content_settings.exceptions.site_engagement, new_value=[object], source=unknown"}
{"logTime": "1006/174515", "level": "INFO", "message": "Preference changed: name=profile.last_engagement_time, new_value=\"13435782315932106\", source=unknown"}
{"logTime": "1006/174525", "level": "INFO", "message": "Preference changed: name=profile.content_settings.exceptions.site_engagement, new_value=[object], source=unknown"}
{"logTime": "1006/174525", "level": "INFO", "message": "Preference changed: name=profile.last_engagement_time, new_value=\"13435782325936293\", source=unknown"}
{"logTime": "1006/174535", "level": "INFO", "message": "Preference changed: name=profile.content_settings.exceptions.site_engagement, new_value=[object], source=unknown"}
{"logTime": "1006/174535", "level": "INFO", "message": "Preference changed: name=profile.last_engagement_time, new_value=\"13435782335948579\", source=unknown"}
{"logTime": "1006/174545", "level": "INFO", "message": "Preference changed: name=profile.content_settings.exceptions.site_engagement, new_value=[object], source=unknown"}
{"logTime": "1006/174545", "level": "INFO", "message": "Preference changed: name=profile.last_engagement_time, new_value=\"13435782345957757\", source=unknown"}
{"logTime": "1006/174555", "level": "INFO", "message": "Preference changed: name=profile.content_settings.exceptions.site_engagement, new_value=[object], source=unknown"}
{"logTime": "1006/174555", "level": "INFO", "message": "Preference changed: name=profile.last_engagement_time, new_value=\"13435782355972958\", source=unknown"}
{"logTime": "1006/174605", "level": "INFO", "message": "Preference changed: name=profile.content_settings.exceptions.site_engagement, new_value=[object], source=unknown"}
{"logTime": "1006/174605", "level": "INFO", "message": "Preference changed: name=profile.last_engagement_time, new_value=\"13435782365974049\", source=unknown"}
{"logTime": "1006/174615", "level": "INFO", "message": "Preference changed: name=profile.content_settings.exceptions.site_engagement, new_value=[object], source=unknown"}
{"logTime": "1006/174615", "level": "INFO", "message": "Preference changed: name=profile.last_engagement_time, new_value=\"13435782375979049\", source=unknown"}
{"logTime": "1006/174625", "level": "INFO", "message": "Preference changed: name=profile.content_settings.exceptions.site_engagement, new_value=[object], source=unknown"}
{"logTime": "1006/174625", "level": "INFO", "message": "Preference changed: name=profile.last_engagement_time, new_value=\"13435782385982584\", source=unknown"}
{"logTime": "1006/174635", "level": "INFO", "message": "Preference changed: name=profile.content_settings.exceptions.site_engagement, new_value=[object], source=unknown"}
{"logTime": "1006/174635", "level": "INFO", "message": "Preference changed: name=profile.last_engagement_time, new_value=\"13435782395989524\", source=unknown"}
{"logTime": "1006/174646", "level": "INFO", "message": "Preference changed: name=profile.content_settings.exceptions.site_engagement, new_value=[object], source=unknown"}
{"logTime": "1006/174646", "level": "INFO", "message": "Preference changed: name=profile.last_engagement_time, new_value=\"13435782406001835\", source=unknown"}
{"logTime": "1006/174656", "level": "INFO", "message": "Preference changed: name=profile.content_settings.exceptions.site_engagement, new_value=[object], source=unknown"}
{"logTime": "1006/174656", "level": "INFO", "message": "Preference changed: name=profile.last_engagement_time, new_value=\"13435782416008500\", source=unknown"}
{"logTime": "1006/174706", "level": "INFO", "message": "Preference changed: name=profile.content_settings.exceptions.site_engagement, new_value=[object], source=unknown"}
{"logTime": "1006/174706", "level": "INFO", "message": "Preference changed: name=profile.last_engagement_time, new_value=\"13435782426011581\", source=unknown"}
{"logTime": "1006/174716", "level": "INFO", "message": "Preference changed: name=profile.content_settings.exceptions.site_engagement, new_value=[object], source=unknown"}
{"logTime": "1006/174716", "level": "INFO", "message": "Preference changed: name=profile.last_engagement_time, new_value=\"13435782436014698\", source=unknown"}
{"logTime": "1006/174726", "level": "INFO", "message": "Preference changed: name=profile.content_settings.exceptions.site_engagement, new_value=[object], source=unknown"}
{"logTime": "1006/174726", "level": "INFO", "message": "Preference changed: name=profile.last_engagement_time, new_value=\"13435782446017678\", source=unknown"}
{"logTime": "1006/174736", "level": "INFO", "message": "Preference changed: name=profile.content_settings.exceptions.site_engagement, new_value=[object], source=unknown"}
{"logTime": "1006/174736", "level": "INFO", "message": "Preference changed: name=profile.last_engagement_time, new_value=\"13435782456028280\", source=unknown"}
{"logTime": "1006/174746", "level": "INFO", "message": "Preference changed: name=profile.content_settings.exceptions.site_engagement, new_value=[object], source=unknown"}
{"logTime": "1006/174746", "level": "INFO", "message": "Preference changed: name=profile.last_engagement_time, new_value=\"13435782466038339\", source=unknown"}
{"logTime": "1006/174756", "level": "INFO", "message": "Preference changed: name=profile.content_settings.exceptions.site_engagement, new_value=[object], source=unknown"}
{"logTime": "1006/174756", "level": "INFO", "message": "Preference changed: name=profile.last_engagement_time, new_value=\"13435782476047031\", source=unknown"}
{"logTime": "1006/174804", "level": "INFO", "message": "Preference changed: name=profile.observed_session_time, new_value=[object], source=unknown"}
{"logTime": "1006/174806", "level": "INFO", "message": "Preference changed: name=profile.content_settings.exceptions.site_engagement, new_value=[object], source=unknown"}
{"logTime": "1006/174806", "level": "INFO", "message": "Preference changed: name=profile.last_engagement_time, new_value=\"13435782486061494\", source=unknown"}
{"logTime": "1006/174814", "level": "INFO", "message": "PrefStore write completed: store=4, success=true"}
{"logTime": "1006/174816", "level": "INFO", "message": "Preference changed: name=profile.content_settings.exceptions.site_engagement, new_value=[object], source=unknown"}
{"logTime": "1006/174816", "level": "INFO", "message": "Preference changed: name=profile.last_engagement_time, new_value=\"13435782496071620\", source=unknown"}
{"logTime": "1006/174826", "level": "INFO", "message": "Preference changed: name=profile.content_settings.exceptions.site_engagement, new_value=[object], source=unknown"}
{"logTime": "1006/174826", "level": "INFO", "message": "Preference changed: name=profile.last_engagement_time, new_value=\"13435782506081611\", source=unknown"}
{"logTime": "1006/174836", "level": "INFO", "message": "Preference changed: name=profile.content_settings.exceptions.site_engagement, new_value=[object], source=unknown"}
{"logTime": "1006/174836", "level": "INFO", "message": "Preference changed: name=profile.last_engagement_time, new_value=\"13435782516090124\", source=unknown"}
{"logTime": "1006/174846", "level": "INFO", "message": "Preference changed: name=profile.content_settings.exceptions.site_engagement, new_value=[object], source=unknown"}
{"logTime": "1006/174846", "level": "INFO", "message": "Preference changed: name=profile.last_engagement_time, new_value=\"13435782526096217\", source=unknown"}
{"logTime": "1006/174856", "level": "INFO", "message": "Preference changed: name=profile.content_settings.exceptions.site_engagement, new_value=[object], source=unknown"}
{"logTime": "1006/174856", "level": "INFO", "message": "Preference changed: name=profile.last_engagement_time, new_value=\"13435782536109370\", source=unknown"}
{"logTime": "1006/174906", "level": "INFO", "message": "Preference changed: name=profile.content_settings.exceptions.site_engagement, new_value=[object], source=unknown"}
{"logTime": "1006/174906", "level": "INFO", "message": "Preference changed: name=profile.last_engagement_time, new_value=\"13435782546121408\", source=unknown"}
{"logTime": "1006/174916", "level": "INFO", "message": "Preference changed: name=profile.content_settings.exceptions.site_engagement, new_value=[object], source=unknown"}
{"logTime": "1006/174916", "level": "INFO", "message": "Preference changed: name=profile.last_engagement_time, new_value=\"13435782556126438\", source=unknown"}
{"logTime": "1006/174926", "level": "INFO", "message": "Preference changed: name=profile.content_settings.exceptions.site_engagement, new_value=[object], source=unknown"}
{"logTime": "1006/174926", "level": "INFO", "message": "Preference changed: name=profile.last_engagement_time, new_value=\"13435782566130913\", source=unknown"}
{"logTime": "1006/174936", "level": "INFO", "message": "Preference changed: name=profile.content_settings.exceptions.site_engagement, new_value=[object], source=unknown"}
{"logTime": "1006/174936", "level": "INFO", "message": "Preference changed: name=profile.last_engagement_time, new_value=\"13435782576142043\", source=unknown"}
{"logTime": "1006/174946", "level": "INFO", "message": "Preference changed: name=profile.content_settings.exceptions.site_engagement, new_value=[object], source=unknown"}
{"logTime": "1006/174946", "level": "INFO", "message": "Preference changed: name=profile.last_engagement_time, new_value=\"13435782586152331\", source=unknown"}
{"logTime": "1006/174956", "level": "INFO", "message": "Preference changed: name=profile.content_settings.exceptions.site_engagement, new_value=[object], source=unknown"}
{"logTime": "1006/174956", "level": "INFO", "message": "Preference changed: name=profile.last_engagement_time, new_value=\"13435782596152841\", source=unknown"}
{"logTime": "1006/175006", "level": "INFO", "message": "Preference changed: name=profile.content_settings.exceptions.site_engagement, new_value=[object], source=unknown"}
{"logTime": "1006/175006", "level": "INFO", "message": "Preference changed: name=profile.last_engagement_time, new_value=\"13435782606159158\", source=unknown"}
{"logTime": "1006/175016", "level": "INFO", "message": "Preference changed: name=profile.content_settings.exceptions.site_engagement, new_value=[object], source=unknown"}
{"logTime": "1006/175016", "level": "INFO", "message": "Preference changed: name=profile.last_engagement_time, new_value=\"13435782616164934\", source=unknown"}
{"logTime": "1006/175026", "level": "INFO", "message": "Preference changed: name=profile.content_settings.exceptions.site_engagement, new_value=[object], source=unknown"}
{"logTime": "1006/175026", "level": "INFO", "message": "Preference changed: name=profile.last_engagement_time, new_value=\"13435782626165890\", source=unknown"}
{"logTime": "1006/175036", "level": "INFO", "message": "Preference changed: name=profile.content_settings.exceptions.site_engagement, new_value=[object], source=unknown"}
{"logTime": "1006/175036", "level": "INFO", "message": "Preference changed: name=profile.last_engagement_time, new_value=\"13435782636176690\", source=unknown"}
{"logTime": "1006/175046", "level": "INFO", "message": "Preference changed: name=profile.content_settings.exceptions.site_engagement, new_value=[object], source=unknown"}
{"logTime": "1006/175046", "level": "INFO", "message": "Preference changed: name=profile.last_engagement_time, new_value=\"13435782646190257\", source=unknown"}
{"logTime": "1006/175056", "level": "INFO", "message": "Preference changed: name=profile.content_settings.exceptions.site_engagement, new_value=[object], source=unknown"}
{"logTime": "1006/175056", "level": "INFO", "message": "Preference changed: name=profile.last_engagement_time, new_value=\"13435782656195229\", source=unknown"}
{"logTime": "1006/175106", "level": "INFO", "message": "Preference changed: name=profile.content_settings.exceptions.site_engagement, new_value=[object], source=unknown"}
{"logTime": "1006/175106", "level": "INFO", "message": "Preference changed: name=profile.last_engagement_time, new_value=\"13435782666207280\", source=unknown"}
{"logTime": "1006/175116", "level": "INFO", "message": "Preference changed: name=profile.content_settings.exceptions.site_engagement, new_value=[object], source=unknown"}
{"logTime": "1006/175116", "level": "INFO", "message": "Preference changed: name=profile.last_engagement_time, new_value=\"13435782676214265\", source=unknown"}
{"logTime": "1006/175126", "level": "INFO", "message": "Preference changed: name=profile.content_settings.exceptions.site_engagement, new_value=[object], source=unknown"}
{"logTime": "1006/175126", "level": "INFO", "message": "Preference changed: name=profile.last_engagement_time, new_value=\"13435782686222915\", source=unknown"}
{"logTime": "1006/175136", "level": "INFO", "message": "Preference changed: name=profile.content_settings.exceptions.site_engagement, new_value=[object], source=unknown"}
{"logTime": "1006/175136", "level": "INFO", "message": "Preference changed: name=profile.last_engagement_time, new_value=\"13435782696227243\", source=unknown"}
{"logTime": "1006/175146", "level": "INFO", "message": "Preference changed: name=profile.content_settings.exceptions.site_engagement, new_value=[object], source=unknown"}
{"logTime": "1006/175146", "level": "INFO", "message": "Preference changed: name=profile.last_engagement_time, new_value=\"13435782706238698\", source=unknown"}
{"logTime": "1006/175156", "level": "INFO", "message": "Preference changed: name=profile.content_settings.exceptions.site_engagement, new_value=[object], source=unknown"}
{"logTime": "1006/175156", "level": "INFO", "message": "Preference changed: name=profile.last_engagement_time, new_value=\"13435782716245608\", source=unknown"}
{"logTime": "1006/175206", "level": "INFO", "message": "Preference changed: name=profile.content_settings.exceptions.site_engagement, new_value=[object], source=unknown"}
{"logTime": "1006/175206", "level": "INFO", "message": "Preference changed: name=profile.last_engagement_time, new_value=\"13435782726252187\", source=unknown"}
{"logTime": "1006/175216", "level": "INFO", "message": "Preference changed: name=profile.content_settings.exceptions.site_engagement, new_value=[object], source=unknown"}
{"logTime": "1006/175216", "level": "INFO", "message": "Preference changed: name=profile.last_engagement_time, new_value=\"13435782736253788\", source=unknown"}
{"logTime": "1006/175226", "level": "INFO", "message": "Preference changed: name=profile.content_settings.exceptions.site_engagement, new_value=[object], source=unknown"}
{"logTime": "1006/175226", "level": "INFO", "message": "Preference changed: name=profile.last_engagement_time, new_value=\"13435782746262330\", source=unknown"}
{"logTime": "1006/175236", "level": "INFO", "message": "Preference changed: name=profile.content_settings.exceptions.site_engagement, new_value=[object], source=unknown"}
{"logTime": "1006/175236", "level": "INFO", "message": "Preference changed: name=profile.last_engagement_time, new_value=\"13435782756275766\", source=unknown"}
{"logTime": "1006/175246", "level": "INFO", "message": "Preference changed: name=profile.content_settings.exceptions.site_engagement, new_value=[object], source=unknown"}
{"logTime": "1006/175246", "level": "INFO", "message": "Preference changed: name=profile.last_engagement_time, new_value=\"13435782766288091\", source=unknown"}
{"logTime": "1006/175256", "level": "INFO", "message": "Preference changed: name=profile.content_settings.exceptions.site_engagement, new_value=[object], source=unknown"}
{"logTime": "1006/175256", "level": "INFO", "message": "Preference changed: name=profile.last_engagement_time, new_value=\"13435782776294472\", source=unknown"}
{"logTime": "1006/175306", "level": "INFO", "message": "Preference changed: name=profile.content_settings.exceptions.site_engagement, new_value=[object], source=unknown"}
{"logTime": "1006/175306", "level": "INFO", "message": "Preference changed: name=profile.last_engagement_time, new_value=\"13435782786303460\", source=unknown"}
{"logTime": "1006/175316", "level": "INFO", "message": "Preference changed: name=profile.content_settings.exceptions.site_engagement, new_value=[object], source=unknown"}
{"logTime": "1006/175316", "level": "INFO", "message": "Preference changed: name=profile.last_engagement_time, new_value=\"13435782796309758\", source=unknown"}
{"logTime": "1006/175326", "level": "INFO", "message": "Preference changed: name=profile.content_settings.exceptions.site_engagement, new_value=[object], source=unknown"}
{"logTime": "1006/175326", "level": "INFO", "message": "Preference changed: name=profile.last_engagement_time, new_value=\"13435782806324071\", source=unknown"}
{"logTime": "1006/175336", "level": "INFO", "message": "Preference changed: name=profile.content_settings.exceptions.site_engagement, new_value=[object], source=unknown"}
{"logTime": "1006/175336", "level": "INFO", "message": "Preference changed: name=profile.last_engagement_time, new_value=\"13435782816326280\", source=unknown"}
{"logTime": "1006/175346", "level": "INFO", "message": "Preference changed: name=profile.content_settings.exceptions.site_engagement, new_value=[object], source=unknown"}
{"logTime": "1006/175346", "level": "INFO", "message": "Preference changed: name=profile.last_engagement_time, new_value=\"13435782826333198\", source=unknown"}
{"logTime": "1006/175356", "level": "INFO", "message": "Preference changed: name=profile.content_settings.exceptions.site_engagement, new_value=[object], source=unknown"}
{"logTime": "1006/175356", "level": "INFO", "message": "Preference changed: name=profile.last_engagement_time, new_value=\"13435782836334527\", source=unknown"}
{"logTime": "1006/175406", "level": "INFO", "message": "Preference changed: name=profile.content_settings.exceptions.site_engagement, new_value=[object], source=unknown"}
{"logTime": "1006/175406", "level": "INFO", "message": "Preference changed: name=profile.last_engagement_time, new_value=\"13435782846335268\", source=unknown"}
{"logTime": "1006/175416", "level": "INFO", "message": "Preference changed: name=profile.content_settings.exceptions.site_engagement, new_value=[object], source=unknown"}
{"logTime": "1006/175416", "level": "INFO", "message": "Preference changed: name=profile.last_engagement_time, new_value=\"13435782856349839\", source=unknown"}
{"logTime": "1006/175426", "level": "INFO", "message": "Preference changed: name=profile.content_settings.exceptions.site_engagement, new_value=[object], source=unknown"}
{"logTime": "1006/175426", "level": "INFO", "message": "Preference changed: name=profile.last_engagement_time, new_value=\"13435782866364947\", source=unknown"}
{"logTime": "1006/175436", "level": "INFO", "message": "Preference changed: name=profile.content_settings.exceptions.site_engagement, new_value=[object], source=unknown"}
{"logTime": "1006/175436", "level": "INFO", "message": "Preference changed: name=profile.last_engagement_time, new_value=\"13435782876374094\", source=unknown"}
{"logTime": "1006/175446", "level": "INFO", "message": "Preference changed: name=profile.content_settings.exceptions.site_engagement, new_value=[object], source=unknown"}
{"logTime": "1006/175446", "level": "INFO", "message": "Preference changed: name=profile.last_engagement_time, new_value=\"13435782886384483\", source=unknown"}
{"logTime": "1006/175456", "level": "INFO", "message": "Preference changed: name=profile.content_settings.exceptions.site_engagement, new_value=[object], source=unknown"}
{"logTime": "1006/175456", "level": "INFO", "message": "Preference changed: name=profile.last_engagement_time, new_value=\"13435782896400473\", source=unknown"}
{"logTime": "1006/175506", "level": "INFO", "message": "Preference changed: name=profile.content_settings.exceptions.site_engagement, new_value=[object], source=unknown"}
{"logTime": "1006/175506", "level": "INFO", "message": "Preference changed: name=profile.last_engagement_time, new_value=\"13435782906409174\", source=unknown"}
{"logTime": "1006/175516", "level": "INFO", "message": "Preference changed: name=profile.observed_session_time, new_value=[object], source=unknown"}
{"logTime": "1006/175516", "level": "INFO", "message": "Preference changed: name=profile.content_settings.exceptions.site_engagement, new_value=[object], source=unknown"}
{"logTime": "1006/175516", "level": "INFO", "message": "Preference changed: name=profile.last_engagement_time, new_value=\"13435782916410011\", source=unknown"}
{"logTime": "1006/175526", "level": "INFO", "message": "PrefStore write completed: store=4, success=true"}
{"logTime": "1006/175526", "level": "INFO", "message": "Preference changed: name=profile.content_settings.exceptions.site_engagement, new_value=[object], source=unknown"}
{"logTime": "1006/175526", "level": "INFO", "message": "Preference changed: name=profile.last_engagement_time, new_value=\"13435782926416430\", source=unknown"}
{"logTime": "1006/175536", "level": "INFO", "message": "Preference changed: name=profile.content_settings.exceptions.site_engagement, new_value=[object], source=unknown"}
{"logTime": "1006/175536", "level": "INFO", "message": "Preference changed: name=profile.last_engagement_time, new_value=\"13435782936420592\", source=unknown"}
{"logTime": "1006/175546", "level": "INFO", "message": "Preference changed: name=profile.content_settings.exceptions.site_engagement, new_value=[object], source=unknown"}
{"logTime": "1006/175546", "level": "INFO", "message": "Preference changed: name=profile.last_engagement_time, new_value=\"13435782946432257\", source=unknown"}
{"logTime": "1006/175556", "level": "INFO", "message": "Preference changed: name=profile.content_settings.exceptions.site_engagement, new_value=[object], source=unknown"}
{"logTime": "1006/175556", "level": "INFO", "message": "Preference changed: name=profile.last_engagement_time, new_value=\"13435782956444084\", source=unknown"}
{"logTime": "1006/175606", "level": "INFO", "message": "Preference changed: name=profile.content_settings.exceptions.site_engagement, new_value=[object], source=unknown"}
{"logTime": "1006/175606", "level": "INFO", "message": "Preference changed: name=profile.last_engagement_time, new_value=\"13435782966454700\", source=unknown"}
{"logTime": "1006/175616", "level": "INFO", "message": "Preference changed: name=profile.content_settings.exceptions.site_engagement, new_value=[object], source=unknown"}
{"logTime": "1006/175616", "level": "INFO", "message": "Preference changed: name=profile.last_engagement_time, new_value=\"13435782976456879\", source=unknown"}
{"logTime": "1006/175626", "level": "INFO", "message": "Preference changed: name=profile.content_settings.exceptions.site_engagement, new_value=[object], source=unknown"}
{"logTime": "1006/175626", "level": "INFO", "message": "Preference changed: name=profile.last_engagement_time, new_value=\"13435782986465100\", source=unknown"}
{"logTime": "1006/175636", "level": "INFO", "message": "Preference changed: name=profile.content_settings.exceptions.site_engagement, new_value=[object], source=unknown"}
{"logTime": "1006/175636", "level": "INFO", "message": "Preference changed: name=profile.last_engagement_time, new_value=\"13435782996471424\", source=unknown"}
{"logTime": "1006/175646", "level": "INFO", "message": "Preference changed: name=profile.content_settings.exceptions.site_engagement, new_value=[object], source=unknown"}
{"logTime": "1006/175646", "level": "INFO", "message": "Preference changed: name=profile.last_engagement_time, new_value=\"13435783006482499\", source=unknown"}
{"logTime": "1006/175656", "level": "INFO", "message": "Preference changed: name=profile.content_settings.exceptions.site_engagement, new_value=[object], source=unknown"}
{"logTime": "1006/175656", "level": "INFO", "message": "Preference changed: name=profile.last_engagement_time, new_value=\"13435783016487750\", source=unknown"}
{"logTime": "1006/175706", "level": "INFO", "message": "Preference changed: name=profile.content_settings.exceptions.site_engagement, new_value=[object], source=unknown"}
{"logTime": "1006/175706", "level": "INFO", "message": "Preference changed: name=profile.last_engagement_time, new_value=\"13435783026489024\", source=unknown"}
{"logTime": "1006/175716", "level": "INFO", "message": "Preference changed: name=profile.content_settings.exceptions.site_engagement, new_value=[object], source=unknown"}
{"logTime": "1006/175716", "level": "INFO", "message": "Preference changed: name=profile.last_engagement_time, new_value=\"13435783036490204\", source=unknown"}
{"logTime": "1006/175726", "level": "INFO", "message": "Preference changed: name=profile.content_settings.exceptions.site_engagement, new_value=[object], source=unknown"}
{"logTime": "1006/175726", "level": "INFO", "message": "Preference changed: name=profile.last_engagement_time, new_value=\"13435783046494429\", source=unknown"}
{"logTime": "1006/175736", "level": "INFO", "message": "Preference changed: name=profile.content_settings.exceptions.site_engagement, new_value=[object], source=unknown"}
{"logTime": "1006/175736", "level": "INFO", "message": "Preference changed: name=profile.last_engagement_time, new_value=\"13435783056509823\", source=unknown"}
{"logTime": "1006/175746", "level": "INFO", "message": "Preference changed: name=profile.content_settings.exceptions.site_engagement, new_value=[object], source=unknown"}
{"logTime": "1006/175746", "level": "INFO", "message": "Preference changed: name=profile.last_engagement_time, new_value=\"13435783066520074\", source=unknown"}
{"logTime": "1006/175756", "level": "INFO", "message": "Preference changed: name=profile.content_settings.exceptions.site_engagement, new_value=[object], source=unknown"}
{"logTime": "1006/175756", "level": "INFO", "message": "Preference changed: name=profile.last_engagement_time, new_value=\"13435783076528911\", source=unknown"}
{"logTime": "1006/175806", "level": "INFO", "message": "Preference changed: name=profile.content_settings.exceptions.site_engagement, new_value=[object], source=unknown"}
{"logTime": "1006/175806", "level": "INFO", "message": "Preference changed: name=profile.last_engagement_time, new_value=\"13435783086536540\", source=unknown"}
{"logTime": "1006/175816", "level": "INFO", "message": "Preference changed: name=profile.content_settings.exceptions.site_engagement, new_value=[object], source=unknown"}
{"logTime": "1006/175816", "level": "INFO", "message": "Preference changed: name=profile.last_engagement_time, new_value=\"13435783096539624\", source=unknown"}
{"logTime": "1006/175826", "level": "INFO", "message": "Preference changed: name=profile.content_settings.exceptions.site_engagement, new_value=[object], source=unknown"}
{"logTime": "1006/175826", "level": "INFO", "message": "Preference changed: name=profile.last_engagement_time, new_value=\"13435783106548472\", source=unknown"}
{"logTime": "1006/175836", "level": "INFO", "message": "Preference changed: name=profile.content_settings.exceptions.site_engagement, new_value=[object], source=unknown"}
{"logTime": "1006/175836", "level": "INFO", "message": "Preference changed: name=profile.last_engagement_time, new_value=\"13435783116553451\", source=unknown"}
{"logTime": "1006/175846", "level": "INFO", "message": "Preference changed: name=profile.content_settings.exceptions.site_engagement, new_value=[object], source=unknown"}
{"logTime": "1006/175846", "level": "INFO", "message": "Preference changed: name=profile.last_engagement_time, new_value=\"13435783126560423\", source=unknown"}
{"logTime": "1006/175856", "level": "INFO", "message": "Preference changed: name=profile.content_settings.exceptions.site_engagement, new_value=[object], source=unknown"}
{"logTime": "1006/175856", "level": "INFO", "message": "Preference changed: name=profile.last_engagement_time, new_value=\"13435783136570869\", source=unknown"}
{"logTime": "1006/175906", "level": "INFO", "message": "Preference changed: name=profile.content_settings.exceptions.site_engagement, new_value=[object], source=unknown"}
{"logTime": "1006/175906", "level": "INFO", "message": "Preference changed: name=profile.last_engagement_time, new_value=\"13435783146574679\", source=unknown"}
{"logTime": "1006/175916", "level": "INFO", "message": "Preference changed: name=profile.content_settings.exceptions.site_engagement, new_value=[object], source=unknown"}
{"logTime": "1006/175916", "level": "INFO", "message": "Preference changed: name=profile.last_engagement_time, new_value=\"13435783156577962\", source=unknown"}
{"logTime": "1006/175926", "level": "INFO", "message": "Preference changed: name=profile.content_settings.exceptions.site_engagement, new_value=[object], source=unknown"}
{"logTime": "1006/175926", "level": "INFO", "message": "Preference changed: name=profile.last_engagement_time, new_value=\"13435783166579197\", source=unknown"}
{"logTime": "1006/175936", "level": "INFO", "message": "Preference changed: name=profile.content_settings.exceptions.site_engagement, new_value=[object], source=unknown"}
{"logTime": "1006/175936", "level": "INFO", "message": "Preference changed: name=profile.last_engagement_time, new_value=\"13435783176583234\", source=unknown"}
{"logTime": "1006/175946", "level": "INFO", "message": "Preference changed: name=profile.content_settings.exceptions.site_engagement, new_value=[object], source=unknown"}
{"logTime": "1006/175946", "level": "INFO", "message": "Preference changed: name=profile.last_engagement_time, new_value=\"13435783186585179\", source=unknown"}
{"logTime": "1006/175956", "level": "INFO", "message": "Preference changed: name=profile.content_settings.exceptions.site_engagement, new_value=[object], source=unknown"}
{"logTime": "1006/175956", "level": "INFO", "message": "Preference changed: name=profile.last_engagement_time, new_value=\"13435783196597059\", source=unknown"}
{"logTime": "1006/180006", "level": "INFO", "message": "Preference changed: name=profile.content_settings.exceptions.site_engagement, new_value=[object], source=unknown"}
{"logTime": "1006/180006", "level": "INFO", "message": "Preference changed: name=profile.last_engagement_time, new_value=\"13435783206612101\", source=unknown"}
{"logTime": "1006/180016", "level": "INFO", "message": "Preference changed: name=profile.content_settings.exceptions.site_engagement, new_value=[object], source=unknown"}
{"logTime": "1006/180016", "level": "INFO", "message": "Preference changed: name=profile.last_engagement_time, new_value=\"13435783216617884\", source=unknown"}
{"logTime": "1006/180026", "level": "INFO", "message": "Preference changed: name=profile.content_settings.exceptions.site_engagement, new_value=[object], source=unknown"}
{"logTime": "1006/180026", "level": "INFO", "message": "Preference changed: name=profile.last_engagement_time, new_value=\"13435783226630581\", source=unknown"}
{"logTime": "1006/180036", "level": "INFO", "message": "Preference changed: name=profile.content_settings.exceptions.site_engagement, new_value=[object], source=unknown"}
{"logTime": "1006/180036", "level": "INFO", "message": "Preference changed: name=profile.last_engagement_time, new_value=\"13435783236644418\", source=unknown"}
{"logTime": "1006/180046", "level": "INFO", "message": "Preference changed: name=profile.content_settings.exceptions.site_engagement, new_value=[object], source=unknown"}
{"logTime": "1006/180046", "level": "INFO", "message": "Preference changed: name=profile.last_engagement_time, new_value=\"13435783246652243\", source=unknown"}
{"logTime": "1006/180056", "level": "INFO", "message": "Preference changed: name=profile.content_settings.exceptions.site_engagement, new_value=[object], source=unknown"}
{"logTime": "1006/180056", "level": "INFO", "message": "Preference changed: name=profile.last_engagement_time, new_value=\"13435783256656850\", source=unknown"}
{"logTime": "1006/180106", "level": "INFO", "message": "Preference changed: name=profile.content_settings.exceptions.site_engagement, new_value=[object], source=unknown"}
{"logTime": "1006/180106", "level": "INFO", "message": "Preference changed: name=profile.last_engagement_time, new_value=\"13435783266671171\", source=unknown"}
{"logTime": "1006/180116", "level": "INFO", "message": "Preference changed: name=profile.content_settings.exceptions.site_engagement, new_value=[object], source=unknown"}
{"logTime": "1006/180116", "level": "INFO", "message": "Preference changed: name=profile.last_engagement_time, new_value=\"13435783276679821\", source=unknown"}
{"logTime": "1006/180126", "level": "INFO", "message": "Preference changed: name=profile.content_settings.exceptions.site_engagement, new_value=[object], source=unknown"}
{"logTime": "1006/180126", "level": "INFO", "message": "Preference changed: name=profile.last_engagement_time, new_value=\"13435783286683272\", source=unknown"}
{"logTime": "1006/180136", "level": "INFO", "message": "Preference changed: name=profile.content_settings.exceptions.site_engagement, new_value=[object], source=unknown"}
{"logTime": "1006/180136", "level": "INFO", "message": "Preference changed: name=profile.last_engagement_time, new_value=\"13435783296690333\", source=unknown"}
{"logTime": "1006/180146", "level": "INFO", "message": "Preference changed: name=profile.content_settings.exceptions.site_engagement, new_value=[object], source=unknown"}
{"logTime": "1006/180146", "level": "INFO", "message": "Preference changed: name=profile.last_engagement_time, new_value=\"13435783306691511\", source=unknown"}
{"logTime": "1006/180156", "level": "INFO", "message": "Preference changed: name=profile.content_settings.exceptions.site_engagement, new_value=[object], source=unknown"}
{"logTime": "1006/180156", "level": "INFO", "message": "Preference changed: name=profile.last_engagement_time, new_value=\"13435783316694093\", source=unknown"}
{"logTime": "1006/180206", "level": "INFO", "message": "Preference changed: name=profile.content_settings.exceptions.site_engagement, new_value=[object], source=unknown"}
{"logTime": "1006/180206", "level": "INFO", "message": "Preference changed: name=profile.last_engagement_time, new_value=\"13435783326706300\", source=unknown"}
{"logTime": "1006/180216", "level": "INFO", "message": "Preference changed: name=profile.content_settings.exceptions.site_engagement, new_value=[object], source=unknown"}
{"logTime": "1006/180216", "level": "INFO", "message": "Preference changed: name=profile.last_engagement_time, new_value=\"13435783336712043\", source=unknown"}
{"logTime": "1006/180226", "level": "INFO", "message": "Preference changed: name=profile.content_settings.exceptions.site_engagement, new_value=[object], source=unknown"}
{"logTime": "1006/180226", "level": "INFO", "message": "Preference changed: name=profile.last_engagement_time, new_value=\"13435783346722979\", source=unknown"}
{"logTime": "1006/180236", "level": "INFO", "message": "Preference changed: name=profile.content_settings.exceptions.site_engagement, new_value=[object], source=unknown"}
{"logTime": "1006/180236", "level": "INFO", "message": "Preference changed: name=profile.last_engagement_time, new_value=\"13435783356737984\", source=unknown"}
{"logTime": "1006/180246", "level": "INFO", "message": "Preference changed: name=profile.content_settings.exceptions.site_engagement, new_value=[object], source=unknown"}
{"logTime": "1006/180246", "level": "INFO", "message": "Preference changed: name=profile.last_engagement_time, new_value=\"13435783366742779\", source=unknown"}
{"logTime": "1006/180256", "level": "INFO", "message": "Preference changed: name=profile.content_settings.exceptions.site_engagement, new_value=[object], source=unknown"}
{"logTime": "1006/180256", "level": "INFO", "message": "Preference changed: name=profile.last_engagement_time, new_value=\"13435783376746574\", source=unknown"}
{"logTime": "1006/180306", "level": "INFO", "message": "Preference changed: name=profile.content_settings.exceptions.site_engagement, new_value=[object], source=unknown"}
{"logTime": "1006/180306", "level": "INFO", "message": "Preference changed: name=profile.last_engagement_time, new_value=\"13435783386757825\", source=unknown"}
{"logTime": "1006/180316", "level": "INFO", "message": "Preference changed: name=profile.content_settings.exceptions.site_engagement, new_value=[object], source=unknown"}
{"logTime": "1006/180316", "level": "INFO", "message": "Preference changed: name=profile.last_engagement_time, new_value=\"13435783396772201\", source=unknown"}
{"logTime": "1006/180326", "level": "INFO", "message": "Preference changed: name=profile.content_settings.exceptions.site_engagement, new_value=[object], source=unknown"}
{"logTime": "1006/180326", "level": "INFO", "message": "Preference changed: name=profile.last_engagement_time, new_value=\"13435783406773118\", source=unknown"}
{"logTime": "1006/180333", "level": "INFO", "message": "Preference changed: name=profile.observed_session_time, new_value=[object], source=unknown"}
{"logTime": "1006/180336", "level": "INFO", "message": "Preference changed: name=profile.content_settings.exceptions.site_engagement, new_value=[object], source=unknown"}
{"logTime": "1006/180336", "level": "INFO", "message": "Preference changed: name=profile.last_engagement_time, new_value=\"13435783416777476\", source=unknown"}
{"logTime": "1006/180344", "level": "INFO", "message": "PrefStore write completed: store=4, success=true"}
{"logTime": "1006/180346", "level": "INFO", "message": "Preference changed: name=profile.content_settings.exceptions.site_engagement, new_value=[object], source=unknown"}
{"logTime": "1006/180346", "level": "INFO", "message": "Preference changed: name=profile.last_engagement_time, new_value=\"13435783426784759\", source=unknown"}
{"logTime": "1006/180356", "level": "INFO", "message": "Preference changed: name=profile.content_settings.exceptions.site_engagement, new_value=[object], source=unknown"}
{"logTime": "1006/180356", "level": "INFO", "message": "Preference changed: name=profile.last_engagement_time, new_value=\"13435783436791272\", source=unknown"}
{"logTime": "1006/180406", "level": "INFO", "message": "Preference changed: name=profile.content_settings.exceptions.site_engagement, new_value=[object], source=unknown"}
{"logTime": "1006/180406", "level": "INFO", "message": "Preference changed: name=profile.last_engagement_time, new_value=\"13435783446793113\", source=unknown"}
{"logTime": "1006/180416", "level": "INFO", "message": "Preference changed: name=profile.content_settings.exceptions.site_engagement, new_value=[object], source=unknown"}
{"logTime": "1006/180416", "level": "INFO", "message": "Preference changed: name=profile.last_engagement_time, new_value=\"13435783456800388\", source=unknown"}
{"logTime": "1006/180426", "level": "INFO", "message": "Preference changed: name=profile.content_settings.exceptions.site_engagement, new_value=[object], source=unknown"}
{"logTime": "1006/180426", "level": "INFO", "message": "Preference changed: name=profile.last_engagement_time, new_value=\"13435783466804524\", source=unknown"}
{"logTime": "1006/180436", "level": "INFO", "message": "Preference changed: name=profile.content_settings.exceptions.site_engagement, new_value=[object], source=unknown"}
{"logTime": "1006/180436", "level": "INFO", "message": "Preference changed: name=profile.last_engagement_time, new_value=\"13435783476807178\", source=unknown"}
{"logTime": "1006/180446", "level": "INFO", "message": "Preference changed: name=profile.content_settings.exceptions.site_engagement, new_value=[object], source=unknown"}
{"logTime": "1006/180446", "level": "INFO", "message": "Preference changed: name=profile.last_engagement_time, new_value=\"13435783486817985\", source=unknown"}
{"logTime": "1006/180456", "level": "INFO", "message": "Preference changed: name=profile.content_settings.exceptions.site_engagement, new_value=[object], source=unknown"}
{"logTime": "1006/180456", "level": "INFO", "message": "Preference changed: name=profile.last_engagement_time, new_value=\"13435783496830170\", source=unknown"}
{"logTime": "1006/180506", "level": "INFO", "message": "Preference changed: name=profile.content_settings.exceptions.site_engagement, new_value=[object], source=unknown"}
{"logTime": "1006/180506", "level": "INFO", "message": "Preference changed: name=profile.last_engagement_time, new_value=\"13435783506835531\", source=unknown"}
{"logTime": "1006/180516", "level": "INFO", "message": "Preference changed: name=profile.content_settings.exceptions.site_engagement, new_value=[object], source=unknown"}
{"logTime": "1006/180516", "level": "INFO", "message": "Preference changed: name=profile.last_engagement_time, new_value=\"13435783516847239\", source=unknown"}
{"logTime": "1006/180526", "level": "INFO", "message": "Preference changed: name=profile.content_settings.exceptions.site_engagement, new_value=[object], source=unknown"}
{"logTime": "1006/180526", "level": "INFO", "message": "Preference changed: name=profile.last_engagement_time, new_value=\"13435783526853953\", source=unknown"}
{"logTime": "1006/180536", "level": "INFO", "message": "Preference changed: name=profile.content_settings.exceptions.site_engagement, new_value=[object], source=unknown"}
{"logTime": "1006/180536", "level": "INFO", "message": "Preference changed: name=profile.last_engagement_time, new_value=\"13435783536868378\", source=unknown"}
{"logTime": "1006/180546", "level": "INFO", "message": "Preference changed: name=profile.content_settings.exceptions.site_engagement, new_value=[object], source=unknown"}
{"logTime": "1006/180546", "level": "INFO", "message": "Preference changed: name=profile.last_engagement_time, new_value=\"13435783546869588\", source=unknown"}
{"logTime": "1006/180556", "level": "INFO", "message": "Preference changed: name=profile.content_settings.exceptions.site_engagement, new_value=[object], source=unknown"}
{"logTime": "1006/180556", "level": "INFO", "message": "Preference changed: name=profile.last_engagement_time, new_value=\"13435783556884311\", source=unknown"}
{"logTime": "1006/180606", "level": "INFO", "message": "Preference changed: name=profile.content_settings.exceptions.site_engagement, new_value=[object], source=unknown"}
{"logTime": "1006/180606", "level": "INFO", "message": "Preference changed: name=profile.last_engagement_time, new_value=\"13435783566898077\", source=unknown"}
{"logTime": "1006/180616", "level": "INFO", "message": "Preference changed: name=profile.content_settings.exceptions.site_engagement, new_value=[object], source=unknown"}
{"logTime": "1006/180616", "level": "INFO", "message": "Preference changed: name=profile.last_engagement_time, new_value=\"13435783576909994\", source=unknown"}
{"logTime": "1006/180626", "level": "INFO", "message": "Preference changed: name=profile.content_settings.exceptions.site_engagement, new_value=[object], source=unknown"}
{"logTime": "1006/180626", "level": "INFO", "message": "Preference changed: name=profile.last_engagement_time, new_value=\"13435783586924796\", source=unknown"}
{"logTime": "1006/180636", "level": "INFO", "message": "Preference changed: name=profile.content_settings.exceptions.site_engagement, new_value=[object], source=unknown"}
{"logTime": "1006/180636", "level": "INFO", "message": "Preference changed: name=profile.last_engagement_time, new_value=\"13435783596927643\", source=unknown"}
{"logTime": "1006/180646", "level": "INFO", "message": "Preference changed: name=profile.content_settings.exceptions.site_engagement, new_value=[object], source=unknown"}
{"logTime": "1006/180646", "level": "INFO", "message": "Preference changed: name=profile.last_engagement_time, new_value=\"13435783606938395\", source=unknown"}
{"logTime": "1006/180656", "level": "INFO", "message": "Preference changed: name=profile.content_settings.exceptions.site_engagement, new_value=[object], source=unknown"}
{"logTime": "1006/180656", "level": "INFO", "message": "Preference changed: name=profile.last_engagement_time, new_value=\"13435783616941528\", source=unknown"}
{"logTime": "1006/180706", "level": "INFO", "message": "Preference changed: name=profile.content_settings.exceptions.site_engagement, new_value=[object], source=unknown"}
{"logTime": "1006/180706", "level": "INFO", "message": "Preference changed: name=profile.last_engagement_time, new_value=\"13435783626954408\", source=unknown"}
{"logTime": "1006/180716", "level": "INFO", "message": "Preference changed: name=profile.content_settings.exceptions.site_engagement, new_value=[object], source=unknown"}
{"logTime": "1006/180716", "level": "INFO", "message": "Preference changed: name=profile.last_engagement_time, new_value=\"13435783636959124\", source=unknown"}
{"logTime": "1006/180726", "level": "INFO", "message": "Preference changed: name=profile.content_settings.exceptions.site_engagement, new_value=[object], source=unknown"}
{"logTime": "1006/180726", "level": "INFO", "message": "Preference changed: name=profile.last_engagement_time, new_value=\"13435783646968351\", source=unknown"}
{"logTime": "1006/180736", "level": "INFO", "message": "Preference changed: name=profile.content_settings.exceptions.site_engagement, new_value=[object], source=unknown"}
{"logTime": "1006/180736", "level": "INFO", "message": "Preference changed: name=profile.last_engagement_time, new_value=\"13435783656971382\", source=unknown"}
{"logTime": "1006/180746", "level": "INFO", "message": "Preference changed: name=profile.content_settings.exceptions.site_engagement, new_value=[object], source=unknown"}
{"logTime": "1006/180746", "level": "INFO", "message": "Preference changed: name=profile.last_engagement_time, new_value=\"13435783666981881\", source=unknown"}
{"logTime": "1006/180756", "level": "INFO", "message": "Preference changed: name=profile.content_settings.exceptions.site_engagement, new_value=[object], source=unknown"}
{"logTime": "1006/180756", "level": "INFO", "message": "Preference changed: name=profile.last_engagement_time, new_value=\"13435783676991794\", source=unknown"}
{"logTime": "1006/180807", "level": "INFO", "message": "Preference changed: name=profile.content_settings.exceptions.site_engagement, new_value=[object], source=unknown"}
{"logTime": "1006/180807", "level": "INFO", "message": "Preference changed: name=profile.last_engagement_time, new_value=\"13435783687007178\", source=unknown"}
{"logTime": "1006/180817", "level": "INFO", "message": "Preference changed: name=profile.content_settings.exceptions.site_engagement, new_value=[object], source=unknown"}
{"logTime": "1006/180817", "level": "INFO", "message": "Preference changed: name=profile.last_engagement_time, new_value=\"13435783697015548\", source=unknown"}
{"logTime": "1006/180827", "level": "INFO", "message": "Preference changed: name=profile.content_settings.exceptions.site_engagement, new_value=[object], source=unknown"}
{"logTime": "1006/180827", "level": "INFO", "message": "Preference changed: name=profile.last_engagement_time, new_value=\"13435783707022344\", source=unknown"}
{"logTime": "1006/180837", "level": "INFO", "message": "Preference changed: name=profile.content_settings.exceptions.site_engagement, new_value=[object], source=unknown"}
{"logTime": "1006/180837", "level": "INFO", "message": "Preference changed: name=profile.last_engagement_time, new_value=\"13435783717029879\", source=unknown"}
{"logTime": "1006/180847", "level": "INFO", "message": "Preference changed: name=profile.content_settings.exceptions.site_engagement, new_value=[object], source=unknown"}
{"logTime": "1006/180847", "level": "INFO", "message": "Preference changed: name=profile.last_engagement_time, new_value=\"13435783727039152\", source=unknown"}
{"logTime": "1006/180857", "level": "INFO", "message": "Preference changed: name=profile.content_settings.exceptions.site_engagement, new_value=[object], source=unknown"}
{"logTime": "1006/180857", "level": "INFO", "message": "Preference changed: name=profile.last_engagement_time, new_value=\"13435783737051280\", source=unknown"}
{"logTime": "1006/180907", "level": "INFO", "message": "Preference changed: name=profile.content_settings.exceptions.site_engagement, new_value=[object], source=unknown"}
{"logTime": "1006/180907", "level": "INFO", "message": "Preference changed: name=profile.last_engagement_time, new_value=\"13435783747065575\", source=unknown"}
{"logTime": "1006/180907", "level": "INFO", "message": "Preference changed: name=profile.observed_session_time, new_value=[object], source=unknown"}
{"logTime": "1006/180917", "level": "INFO", "message": "Preference changed: name=profile.content_settings.exceptions.site_engagement, new_value=[object], source=unknown"}
{"logTime": "1006/180917", "level": "INFO", "message": "Preference changed: name=profile.last_engagement_time, new_value=\"13435783757073593\", source=unknown"}
{"logTime": "1006/180917", "level": "INFO", "message": "PrefStore write completed: store=4, success=true"}
{"logTime": "1006/180927", "level": "INFO", "message": "Preference changed: name=profile.content_settings.exceptions.site_engagement, new_value=[object], source=unknown"}
{"logTime": "1006/180927", "level": "INFO", "message": "Preference changed: name=profile.last_engagement_time, new_value=\"13435783767086065\", source=unknown"}
{"logTime": "1006/180937", "level": "INFO", "message": "Preference changed: name=profile.content_settings.exceptions.site_engagement, new_value=[object], source=unknown"}
{"logTime": "1006/180937", "level": "INFO", "message": "Preference changed: name=profile.last_engagement_time, new_value=\"13435783777101285\", source=unknown"}
{"logTime": "1006/180947", "level": "INFO", "message": "Preference changed: name=profile.content_settings.exceptions.site_engagement, new_value=[object], source=unknown"}
{"logTime": "1006/180947", "level": "INFO", "message": "Preference changed: name=profile.last_engagement_time, new_value=\"13435783787117470\", source=unknown"}
{"logTime": "1006/180957", "level": "INFO", "message": "Preference changed: name=profile.content_settings.exceptions.site_engagement, new_value=[object], source=unknown"}
{"logTime": "1006/180957", "level": "INFO", "message": "Preference changed: name=profile.last_engagement_time, new_value=\"13435783797118911\", source=unknown"}
{"logTime": "1006/181007", "level": "INFO", "message": "Preference changed: name=profile.content_settings.exceptions.site_engagement, new_value=[object], source=unknown"}
{"logTime": "1006/181007", "level": "INFO", "message": "Preference changed: name=profile.last_engagement_time, new_value=\"13435783807133891\", source=unknown"}
{"logTime": "1006/181017", "level": "INFO", "message": "Preference changed: name=profile.content_settings.exceptions.site_engagement, new_value=[object], source=unknown"}
{"logTime": "1006/181017", "level": "INFO", "message": "Preference changed: name=profile.last_engagement_time, new_value=\"13435783817139002\", source=unknown"}
{"logTime": "1006/181027", "level": "INFO", "message": "Preference changed: name=profile.content_settings.exceptions.site_engagement, new_value=[object], source=unknown"}
{"logTime": "1006/181027", "level": "INFO", "message": "Preference changed: name=profile.last_engagement_time, new_value=\"13435783827150488\", source=unknown"}
{"logTime": "1006/181037", "level": "INFO", "message": "Preference changed: name=profile.content_settings.exceptions.site_engagement, new_value=[object], source=unknown"}
{"logTime": "1006/181037", "level": "INFO", "message": "Preference changed: name=profile.last_engagement_time, new_value=\"13435783837165238\", source=unknown"}
{"logTime": "1006/181047", "level": "INFO", "message": "Preference changed: name=profile.content_settings.exceptions.site_engagement, new_value=[object], source=unknown"}
{"logTime": "1006/181047", "level": "INFO", "message": "Preference changed: name=profile.last_engagement_time, new_value=\"13435783847166701\", source=unknown"}
{"logTime": "1006/181057", "level": "INFO", "message": "Preference changed: name=profile.content_settings.exceptions.site_engagement, new_value=[object], source=unknown"}
{"logTime": "1006/181057", "level": "INFO", "message": "Preference changed: name=profile.last_engagement_time, new_value=\"13435783857181402\", source=unknown"}
{"logTime": "1006/181107", "level": "INFO", "message": "Preference changed: name=profile.content_settings.exceptions.site_engagement, new_value=[object], source=unknown"}
{"logTime": "1006/181107", "level": "INFO", "message": "Preference changed: name=profile.last_engagement_time, new_value=\"13435783867182836\", source=unknown"}
{"logTime": "1006/181117", "level": "INFO", "message": "Preference changed: name=profile.content_settings.exceptions.site_engagement, new_value=[object], source=unknown"}
{"logTime": "1006/181117", "level": "INFO", "message": "Preference changed: name=profile.last_engagement_time, new_value=\"13435783877197087\", source=unknown"}
{"logTime": "1006/181127", "level": "INFO", "message": "Preference changed: name=profile.content_settings.exceptions.site_engagement, new_value=[object], source=unknown"}
{"logTime": "1006/181127", "level": "INFO", "message": "Preference changed: name=profile.last_engagement_time, new_value=\"13435783887210038\", source=unknown"}
{"logTime": "1006/181137", "level": "INFO", "message": "Preference changed: name=profile.content_settings.exceptions.site_engagement, new_value=[object], source=unknown"}
{"logTime": "1006/181137", "level": "INFO", "message": "Preference changed: name=profile.last_engagement_time, new_value=\"13435783897221213\", source=unknown"}
{"logTime": "1006/181147", "level": "INFO", "message": "Preference changed: name=profile.content_settings.exceptions.site_engagement, new_value=[object], source=unknown"}
{"logTime": "1006/181147", "level": "INFO", "message": "Preference changed: name=profile.last_engagement_time, new_value=\"13435783907222358\", source=unknown"}
{"logTime": "1006/181157", "level": "INFO", "message": "Preference changed: name=profile.content_settings.exceptions.site_engagement, new_value=[object], source=unknown"}
{"logTime": "1006/181157", "level": "INFO", "message": "Preference changed: name=profile.last_engagement_time, new_value=\"13435783917223810\", source=unknown"}
{"logTime": "1006/181207", "level": "INFO", "message": "Preference changed: name=profile.content_settings.exceptions.site_engagement, new_value=[object], source=unknown"}
{"logTime": "1006/181207", "level": "INFO", "message": "Preference changed: name=profile.last_engagement_time, new_value=\"13435783927231982\", source=unknown"}
{"logTime": "1006/181217", "level": "INFO", "message": "Preference changed: name=profile.content_settings.exceptions.site_engagement, new_value=[object], source=unknown"}
{"logTime": "1006/181217", "level": "INFO", "message": "Preference changed: name=profile.last_engagement_time, new_value=\"13435783937241234\", source=unknown"}
{"logTime": "1006/181227", "level": "INFO", "message": "Preference changed: name=profile.content_settings.exceptions.site_engagement, new_value=[object], source=unknown"}
{"logTime": "1006/181227", "level": "INFO", "message": "Preference changed: name=profile.last_engagement_time, new_value=\"13435783947253313\", source=unknown"}
{"logTime": "1006/181237", "level": "INFO", "message": "Preference changed: name=profile.content_settings.exceptions.site_engagement, new_value=[object], source=unknown"}
{"logTime": "1006/181237", "level": "INFO", "message": "Preference changed: name=profile.last_engagement_time, new_value=\"13435783957266998\", source=unknown"}
{"logTime": "1006/181247", "level": "INFO", "message": "Preference changed: name=profile.content_settings.exceptions.site_engagement, new_value=[object], source=unknown"}
{"logTime": "1006/181247", "level": "INFO", "message": "Preference changed: name=profile.last_engagement_time, new_value=\"13435783967278060\", source=unknown"}
{"logTime": "1006/181257", "level": "INFO", "message": "Preference changed: name=profile.content_settings.exceptions.site_engagement, new_value=[object], source=unknown"}
{"logTime": "1006/181257", "level": "INFO", "message": "Preference changed: name=profile.last_engagement_time, new_value=\"13435783977290241\", source=unknown"}
{"logTime": "1006/181307", "level": "INFO", "message": "Preference changed: name=profile.content_settings.exceptions.site_engagement, new_value=[object], source=unknown"}
{"logTime": "1006/181307", "level": "INFO", "message": "Preference changed: name=profile.last_engagement_time, new_value=\"13435783987302327\", source=unknown"}
{"logTime": "1006/181317", "level": "INFO", "message": "Preference changed: name=profile.content_settings.exceptions.site_engagement, new_value=[object], source=unknown"}
{"logTime": "1006/181317", "level": "INFO", "message": "Preference changed: name=profile.last_engagement_time, new_value=\"13435783997305152\", source=unknown"}
{"logTime": "1006/181327", "level": "INFO", "message": "Preference changed: name=profile.content_settings.exceptions.site_engagement, new_value=[object], source=unknown"}
{"logTime": "1006/181327", "level": "INFO", "message": "Preference changed: name=profile.last_engagement_time, new_value=\"13435784007312910\", source=unknown"}
{"logTime": "1006/181337", "level": "INFO", "message": "Preference changed: name=profile.content_settings.exceptions.site_engagement, new_value=[object], source=unknown"}
{"logTime": "1006/181337", "level": "INFO", "message": "Preference changed: name=profile.last_engagement_time, new_value=\"13435784017315281\", source=unknown"}
{"logTime": "1006/181347", "level": "INFO", "message": "Preference changed: name=profile.content_settings.exceptions.site_engagement, new_value=[object], source=unknown"}
{"logTime": "1006/181347", "level": "INFO", "message": "Preference changed: name=profile.last_engagement_time, new_value=\"13435784027332289\", source=unknown"}
{"logTime": "1006/181357", "level": "INFO", "message": "Preference changed: name=profile.content_settings.exceptions.site_engagement, new_value=[object], source=unknown"}
{"logTime": "1006/181357", "level": "INFO", "message": "Preference changed: name=profile.last_engagement_time, new_value=\"13435784037337423\", source=unknown"}
{"logTime": "1006/181407", "level": "INFO", "message": "Preference changed: name=profile.content_settings.exceptions.site_engagement, new_value=[object], source=unknown"}
{"logTime": "1006/181407", "level": "INFO", "message": "Preference changed: name=profile.last_engagement_time, new_value=\"13435784047345632\", source=unknown"}
{"logTime": "1006/181417", "level": "INFO", "message": "Preference changed: name=profile.content_settings.exceptions.site_engagement, new_value=[object], source=unknown"}
{"logTime": "1006/181417", "level": "INFO", "message": "Preference changed: name=profile.last_engagement_time, new_value=\"13435784057351593\", source=unknown"}
{"logTime": "1006/181427", "level": "INFO", "message": "Preference changed: name=profile.content_settings.exceptions.site_engagement, new_value=[object], source=unknown"}
{"logTime": "1006/181427", "level": "INFO", "message": "Preference changed: name=profile.last_engagement_time, new_value=\"13435784067363362\", source=unknown"}
{"logTime": "1006/181437", "level": "INFO", "message": "Preference changed: name=profile.content_settings.exceptions.site_engagement, new_value=[object], source=unknown"}
{"logTime": "1006/181437", "level": "INFO", "message": "Preference changed: name=profile.last_engagement_time, new_value=\"13435784077372176\", source=unknown"}
{"logTime": "1006/181447", "level": "INFO", "message": "Preference changed: name=profile.content_settings.exceptions.site_engagement, new_value=[object], source=unknown"}
{"logTime": "1006/181447", "level": "INFO", "message": "Preference changed: name=profile.last_engagement_time, new_value=\"13435784087375822\", source=unknown"}
{"logTime": "1006/181457", "level": "INFO", "message": "Preference changed: name=profile.content_settings.exceptions.site_engagement, new_value=[object], source=unknown"}
{"logTime": "1006/181457", "level": "INFO", "message": "Preference changed: name=profile.last_engagement_time, new_value=\"13435784097379759\", source=unknown"}
{"logTime": "1006/181507", "level": "INFO", "message": "Preference changed: name=profile.content_settings.exceptions.site_engagement, new_value=[object], source=unknown"}
{"logTime": "1006/181507", "level": "INFO", "message": "Preference changed: name=profile.last_engagement_time, new_value=\"13435784107392118\", source=unknown"}
{"logTime": "1006/181517", "level": "INFO", "message": "Preference changed: name=profile.content_settings.exceptions.site_engagement, new_value=[object], source=unknown"}
{"logTime": "1006/181517", "level": "INFO", "message": "Preference changed: name=profile.last_engagement_time, new_value=\"13435784117405435\", source=unknown"}
{"logTime": "1006/181527", "level": "INFO", "message": "Preference changed: name=profile.content_settings.exceptions.site_engagement, new_value=[object], source=unknown"}
{"logTime": "1006/181527", "level": "INFO", "message": "Preference changed: name=profile.last_engagement_time, new_value=\"13435784127407902\", source=unknown"}
{"logTime": "1006/181537", "level": "INFO", "message": "Preference changed: name=profile.content_settings.exceptions.site_engagement, new_value=[object], source=unknown"}
{"logTime": "1006/181537", "level": "INFO", "message": "Preference changed: name=profile.last_engagement_time, new_value=\"13435784137421974\", source=unknown"}
{"logTime": "1006/181547", "level": "INFO", "message": "Preference changed: name=profile.content_settings.exceptions.site_engagement, new_value=[object], source=unknown"}
{"logTime": "1006/181547", "level": "INFO", "message": "Preference changed: name=profile.last_engagement_time, new_value=\"13435784147433864\", source=unknown"}
{"logTime": "1006/181557", "level": "INFO", "message": "Preference changed: name=profile.content_settings.exceptions.site_engagement, new_value=[object], source=unknown"}
{"logTime": "1006/181557", "level": "INFO", "message": "Preference changed: name=profile.last_engagement_time, new_value=\"13435784157443613\", source=unknown"}
{"logTime": "1006/181607", "level": "INFO", "message": "Preference changed: name=profile.content_settings.exceptions.site_engagement, new_value=[object], source=unknown"}
{"logTime": "1006/181607", "level": "INFO", "message": "Preference changed: name=profile.last_engagement_time, new_value=\"13435784167453207\", source=unknown"}
{"logTime": "1006/181617", "level": "INFO", "message": "Preference changed: name=profile.content_settings.exceptions.site_engagement, new_value=[object], source=unknown"}
{"logTime": "1006/181617", "level": "INFO", "message": "Preference changed: name=profile.last_engagement_time, new_value=\"13435784177460032\", source=unknown"}
{"logTime": "1006/181627", "level": "INFO", "message": "Preference changed: name=profile.content_settings.exceptions.site_engagement, new_value=[object], source=unknown"}
{"logTime": "1006/181627", "level": "INFO", "message": "Preference changed: name=profile.last_engagement_time, new_value=\"13435784187466788\", source=unknown"}
{"logTime": "1006/181637", "level": "INFO", "message": "Preference changed: name=profile.content_settings.exceptions.site_engagement, new_value=[object], source=unknown"}
{"logTime": "1006/181637", "level": "INFO", "message": "Preference changed: name=profile.last_engagement_time, new_value=\"13435784197478426\", source=unknown"}
{"logTime": "1006/181646", "level": "INFO", "message": "Preference changed: name=profile.content_settings.exceptions.site_engagement, new_value=[object], source=unknown"}
{"logTime": "1006/181646", "level": "INFO", "message": "Preference changed: name=profile.last_engagement_time, new_value=\"13435784206867241\", source=unknown"}
{"logTime": "1006/181649", "level": "INFO", "message": "Preference changed: name=profile.observed_session_time, new_value=[object], source=unknown"}
{"logTime": "1006/181659", "level": "INFO", "message": "PrefStore write completed: store=4, success=true"}
{"logTime": "1006/182045", "level": "INFO", "message": "Preference changed: name=profile.content_settings.exceptions.site_engagement, new_value=[object], source=unknown"}
{"logTime": "1006/182045", "level": "INFO", "message": "Preference changed: name=profile.last_engagement_time, new_value=\"13435784445719465\", source=unknown"}
{"logTime": "1006/182047", "level": "INFO", "message": "Preference changed: name=profile.content_settings.exceptions.site_engagement, new_value=[object], source=unknown"}
{"logTime": "1006/182047", "level": "INFO", "message": "Preference changed: name=profile.last_engagement_time, new_value=\"13435784447665454\", source=unknown"}
{"logTime": "1006/182101", "level": "INFO", "message": "Preference changed: name=in_product_help.session_last_active_time, new_value=\"13435784460109817\", source=unknown"}
{"logTime": "1006/182116", "level": "INFO", "message": "Preference changed: name=in_product_help.session_last_active_time, new_value=\"13435784460110686\", source=unknown"}
{"logTime": "1006/182600", "level": "INFO", "message": "Preference changed: name=profile.observed_session_time, new_value=[object], source=unknown"}
{"logTime": "1006/182610", "level": "INFO", "message": "PrefStore write completed: store=4, success=true"}
{"logTime": "1006/190502", "level": "INFO", "message": "Preference changed: name=in_product_help.session_last_active_time, new_value=\"13435787102405613\", source=unknown"}
{"logTime": "1006/190511", "level": "INFO", "message": "Preference changed: name=profile.observed_session_time, new_value=[object], source=unknown"}
{"logTime": "1006/190521", "level": "INFO", "message": "PrefStore write completed: store=4, success=true"}
{"logTime": "1006/191815", "level": "INFO", "message": "Preference changed: name=language_dwell_time_average, new_value=[object], source=unknown"}
{"logTime": "1006/191815", "level": "INFO", "message": "Preference changed: name=language_usage_count, new_value=[object], source=unknown"}
{"logTime": "1006/191815", "level": "INFO", "message": "Preference changed: name=profile.content_settings.exceptions.media_engagement, new_value=[object], source=unknown"}
{"logTime": "1006/191815", "level": "INFO", "message": "Preference changed: name=sessions.session_data_status, new_value=2, source=unknown"}
{"logTime": "1006/191815", "level": "INFO", "message": "Preference changed: name=sessions.session_data_status, new_value=3, source=unknown"}
{"logTime": "1006/191815", "level": "INFO", "message": "Preference changed: name=sessions.event_log, new_value=[object], source=unknown"}
{"logTime": "1006/192217", "level": "INFO", "message": "UserPrefStore loaded: error=NONE (0)"}
{"logTime": "1006/192217", "level": "INFO", "message": "Preference changed: name=optimization_guide.previously_registered_optimization_types, new_value=[object], source=unknown"}
{"logTime": "1006/192217", "level": "INFO", "message": "Preference changed: name=extensions.chrome_url_overrides, new_value=[object], source=unknown"}
{"logTime": "1006/192217", "level": "INFO", "message": "Preference changed: name=sessions.session_data_status, new_value=1, source=unknown"}
{"logTime": "1006/192217", "level": "INFO", "message": "Preference changed: name=sessions.event_log, new_value=[object], source=unknown"}
{"logTime": "1006/192217", "level": "INFO", "message": "Preference changed: name=optimization_guide.previously_registered_optimization_types, new_value=[object], source=unknown"}
{"logTime": "1006/192217", "level": "INFO", "message": "Preference changed: name=optimization_guide.previously_registered_optimization_types, new_value=[object], source=unknown"}
{"logTime": "1006/192217", "level": "INFO", "message": "Preference changed: name=optimization_guide.previously_registered_optimization_types, new_value=[object], source=unknown"}
{"logTime": "1006/192217", "level": "INFO", "message": "Preference changed: name=optimization_guide.previously_registered_optimization_types, new_value=[object], source=unknown"}
{"logTime": "1006/192217", "level": "INFO", "message": "Preference changed: name=optimization_guide.previously_registered_optimization_types, new_value=[object], source=unknown"}
{"logTime": "1006/192217", "level": "INFO", "message": "Preference changed: name=profile.network_pbs, new_value=[object], source=unknown"}
{"logTime": "1006/192217", "level": "INFO", "message": "Preference changed: name=profile.password_hash_data_list, new_value=[object], source=unknown"}
{"logTime": "1006/192217", "level": "INFO", "message": "Preference changed: name=schedule_to_flush_to_disk, new_value=\"13435788137761856\", source=unknown"}
{"logTime": "1006/192217", "level": "INFO", "message": "Preference changed: name=schedule_to_flush_to_disk, new_value=\"13435788137762536\", source=unknown"}
{"logTime": "1006/192217", "level": "INFO", "message": "Preference changed: name=edge.services.signin_scoped_device_id, new_value=\"a8191c41-7e35-4c66-89de-e6a4ed9df37f\", source=unknown"}
{"logTime": "1006/192217", "level": "INFO", "message": "Preference changed: name=optimization_guide.previously_registered_optimization_types, new_value=[object], source=unknown"}
{"logTime": "1006/192217", "level": "INFO", "message": "Preference changed: name=extensions.chrome_url_overrides, new_value=[object], source=unknown"}
{"logTime": "1006/192217", "level": "INFO", "message": "Preference changed: name=autofill.credit_card_enabled, new_value=false, source=unknown"}
{"logTime": "1006/192217", "level": "INFO", "message": "Preference changed: name=autofill.profile_enabled, new_value=true, source=unknown"}
{"logTime": "1006/192217", "level": "INFO", "message": "Preference changed: name=enable_edge_collections, new_value=false, source=unknown"}
{"logTime": "1006/192217", "level": "INFO", "message": "Preference changed: name=resolve_navigation_errors_use_web_service.enabled, new_value=false, source=unknown"}
{"logTime": "1006/192217", "level": "INFO", "message": "Preference changed: name=alternate_error_pages.enabled, new_value=false, source=unknown"}
{"logTime": "1006/192217", "level": "INFO", "message": "Preference changed: name=optimization_guide.previously_registered_optimization_types, new_value=[object], source=unknown"}
{"logTime": "1006/192217", "level": "INFO", "message": "Preference changed: name=in_product_help.session_last_active_time, new_value=\"13435788137799380\", source=unknown"}
{"logTime": "1006/192217", "level": "INFO", "message": "Preference changed: name=optimization_guide.previously_registered_optimization_types, new_value=[object], source=unknown"}
{"logTime": "1006/192217", "level": "INFO", "message": "Preference changed: name=profile.content_settings.exceptions.storage_access_header_origin_trial, new_value=[object], source=unknown"}
{"logTime": "1006/192217", "level": "INFO", "message": "Preference changed: name=autofill.profile_enabled, new_value=false, source=unknown"}
{"logTime": "1006/192217", "level": "INFO", "message": "Preference changed: name=edge_rewards.coachmark_promotions, new_value=[object], source=unknown"}
{"logTime": "1006/192217", "level": "INFO", "message": "Preference changed: name=edge_rewards.hva_promotions, new_value=[object], source=unknown"}
{"logTime": "1006/192217", "level": "INFO", "message": "Preference changed: name=profile.content_settings.exceptions.site_engagement, new_value=[object], source=unknown"}
{"logTime": "1006/192217", "level": "INFO", "message": "Preference changed: name=profile.last_engagement_time, new_value=\"13435788137910737\", source=unknown"}
{"logTime": "1006/192218", "level": "INFO", "message": "Preference changed: name=language_model_counters, new_value=[object], source=unknown"}
{"logTime": "1006/192218", "level": "INFO", "message": "Preference changed: name=profile.content_settings.exceptions.trackers_data, new_value=[object], source=unknown"}
{"logTime": "1006/192221", "level": "INFO", "message": "Preference changed: name=language_dwell_time_average, new_value=[object], source=unknown"}
{"logTime": "1006/192221", "level": "INFO", "message": "Preference changed: name=language_usage_count, new_value=[object], source=unknown"}
{"logTime": "1006/192221", "level": "INFO", "message": "Preference changed: name=profile.content_settings.exceptions.media_engagement, new_value=[object], source=unknown"}
{"logTime": "1006/192221", "level": "INFO", "message": "Preference changed: name=sessions.session_data_status, new_value=2, source=unknown"}
{"logTime": "1006/192221", "level": "INFO", "message": "Preference changed: name=sessions.session_data_status, new_value=3, source=unknown"}
{"logTime": "1006/192221", "level": "INFO", "message": "Preference changed: name=sessions.event_log, new_value=[object], source=unknown"}
